PROYECTO,Tipo ,N° Departamento,N° Departamento.1,Estado MS,Broker ,Fecha Reserva,Tiempo transcurrido ,Fecha Promesa ,Arriendo,Fecha Inicio C. Arriendo,Fecha Fin C. Arriendo,Valor Arriendo,Estado Arriendo,Orientación,Tipología,M2 Terraza,M2 Dpto,Total M2,Precio,Precio Pie Regalo,Precio de Pie Regalo + 24 Cuotas,Precio de Pie Regalo + 36 Cuotas,Precio de Pie Regalo + 48 Cuotas,Precio de Pie Regalo + 60 Cuotas,Unidad_Unificada,Precio_UF_Unificado,Estado_Unificado,Tipologia_Unificada,M2_Total_Unificado,Proyecto_Unificado,Archivo_Origen,Unnamed: 0,Depto,Tipo,Caract.,Orientacion,"M2
 Útil.","M2
 Terraza",M2 total,Precio Con Bono Pie 15%,Estado,Condicion,Unnamed: 11,Unnamed: 12,Número del producto,Tipo Unidad,Programa,Grupo,Piso Producto,Proyecto,Superficie Vendible,Superficie Comercial,Superficie Interior,Superficie de Terraza,Precio LISTA,OBSERVACIONES
ARMONÍA,DEPARTAMENTO,201.0,201.0,,,,,,,,,,,,,,,,,,0.0,0.0,0.0,0.0,201,0.0,,,,Armonía,Stock Armonía.xlsx,,,,,,,,,,,,,,,,,,,,,,,,,
ARMONÍA,DEPARTAMENTO,202.0,202.0,,,,,,,,,,,,,,,,,,0.0,0.0,0.0,0.0,202,0.0,,,,Armonía,Stock Armonía.xlsx,,,,,,,,,,,,,,,,,,,,,,,,,
ARMONÍA,DEPARTAMENTO,203.0,203.0,PROMESADO,,,,,,,,,,ORIENTE,1.5D+1B,6.54,40.33,46.87,2470.82,2745.355556,2780.106892,2787.163001,2801.38322,2808.547883,203,2470.82,PROMESADO,1.5D+1B,46.87,Armonía,Stock Armonía.xlsx,,,,,,,,,,,,,,,,,,,,,,,,,
ARMONÍA,DEPARTAMENTO,204.0,204.0,PROMESADO,,,,,,,,,,ORIENTE,1.5D+1B,6.54,40.33,46.87,2374.54,2638.377778,2671.774965,2678.55612,2692.222222,2699.107701,204,2374.54,PROMESADO,1.5D+1B,46.87,Armonía,Stock Armonía.xlsx,,,,,,,,,,,,,,,,,,,,,,,,,
ARMONÍA,DEPARTAMENTO,205.0,205.0,DISPONIBLE,,,,,,,,,,SURORIENTE,2D+2B,8.15,49.9,58.05,2887.14,3207.933333,3248.540084,3256.78511,3273.401361,3281.773231,205,2887.14,DISPONIBLE,2D+2B,58.05,Armonía,Stock Armonía.xlsx,,,,,,,,,,,,,,,,,,,,,,,,,
ARMONÍA,DEPARTAMENTO,206.0,206.0,PROMESADO,,,,,,,,,,SURPONIENTE,2D+2B,8.01,49.55,57.56,2860.65,3178.5,3218.734177,3226.903553,3243.367347,3251.662404,206,2860.65,PROMESADO,2D+2B,57.56,Armonía,Stock Armonía.xlsx,,,,,,,,,,,,,,,,,,,,,,,,,
ARMONÍA,DEPARTAMENTO,207.0,207.0,PROMESADO,,,,,,,,,,PONIENTE,1D+1B,8.08,32.14,40.22,2314.42,2571.577778,2604.129395,2610.738861,2624.058957,2630.770105,207,2314.42,PROMESADO,1D+1B,40.22,Armonía,Stock Armonía.xlsx,,,,,,,,,,,,,,,,,,,,,,,,,
ARMONÍA,DEPARTAMENTO,208.0,208.0,PROMESADO,BD,2025-09-04,,,,,,,,PONIENTE,1D+1B,s,32.14,36.34,2143.01,2381.122222,2411.26301,2417.382967,2429.716553,2435.930662,208,2143.01,PROMESADO,1D+1B,36.34,Armonía,Stock Armonía.xlsx,,,,,,,,,,,,,,,,,,,,,,,,,
ARMONÍA,DEPARTAMENTO,209.0,209.0,PROMESADO,,,,,,,,,,ORIENTE,1.5D+1B,6.54,40.43,46.97,2842.99,3158.877778,3198.863572,3206.982516,3223.344671,3231.588519,209,2842.99,PROMESADO,1.5D+1B,46.97,Armonía,Stock Armonía.xlsx,,,,,,,,,,,,,,,,,,,,,,,,,
ARMONÍA,DEPARTAMENTO,210.0,210.0,PROMESADO,,,,,,,,,,SUR,1D+1B,4.34,31.85,36.19,2116.09,2351.211111,2380.973277,2387.016356,2399.195011,2405.33106,210,2116.09,PROMESADO,1D+1B,36.19,Armonía,Stock Armonía.xlsx,,,,,,,,,,,,,,,,,,,,,,,,,
ARMONÍA,DEPARTAMENTO,211.0,211.0,PROMESADO,,,,,,,,,,SURPONIENTE,2D+2B,7.84,56.72,64.56,3248.17,3609.077778,3654.762307,3664.038353,3682.732426,3692.151179,211,3248.17,PROMESADO,2D+2B,64.56,Armonía,Stock Armonía.xlsx,,,,,,,,,,,,,,,,,,,,,,,,,
ARMONÍA,DEPARTAMENTO,212.0,212.0,PROMESADO,,,,,,,,,,NORPONIENTE,2D+2B,7.84,56.72,64.56,3133.15,3481.277778,3525.344585,3534.29216,3552.324263,3561.409491,212,3133.15,PROMESADO,2D+2B,64.56,Armonía,Stock Armonía.xlsx,,,,,,,,,,,,,,,,,,,,,,,,,
ARMONÍA,DEPARTAMENTO,213.0,213.0,PROMESADO,,,,,,,,,,NORTE,1.5D+1B,6.68,39.98,46.66,2522.83,2803.144444,2838.627286,2845.831923,2860.351474,2867.666951,213,2522.83,PROMESADO,1.5D+1B,46.66,Armonía,Stock Armonía.xlsx,,,,,,,,,,,,,,,,,,,,,,,,,
ARMONÍA,DEPARTAMENTO,214.0,214.0,RESERVADO,CI,2025-12-22,23.0,,,,,,,NORORIENTE,3D+2B,7.45,65.47,72.92,3478.35,3864.833333,3913.755274,3923.688663,3943.707483,3953.793691,214,3478.35,RESERVADO,3D+2B,72.92,Armonía,Stock Armonía.xlsx,,,,,,,,,,,,,,,,,,,,,,,,,
ARMONÍA,DEPARTAMENTO,301.0,301.0,PROMESADO,AM,2025-10-07,,,Arrendado,2024-09-09,2025-09-08,270000.0,Por Vencer,ORIENTE,1D+1B,8.08,32.36,40.44,3051.43,3390.477778,3433.395218,3442.109419,3459.671202,3468.519466,301,3051.43,PROMESADO,1D+1B,40.44,Armonía,Stock Armonía.xlsx,,,,,,,,,,,,,,,,,,,,,,,,,
ARMONÍA,DEPARTAMENTO,302.0,302.0,PROMESADO,,,,,,,,,,ORIENTE,1D+1B,8.08,32.15,40.23,2374.49,2638.322222,2671.718706,2678.499718,2692.165533,2699.050867,302,2374.49,PROMESADO,1D+1B,40.23,Armonía,Stock Armonía.xlsx,,,,,,,,,,,,,,,,,,,,,,,,,
ARMONÍA,DEPARTAMENTO,303.0,303.0,PROMESADO,BD,2025-08-20,,,Arrendado,2024-09-24,2025-09-23,320000.0,Por Vencer,ORIENTE,1.5D+1B,6.54,40.32,46.86,2385.31,2650.344444,2683.893108,2690.70502,2704.433107,2711.349815,303,2385.31,PROMESADO,1.5D+1B,46.86,Armonía,Stock Armonía.xlsx,,,,,,,,,,,,,,,,,,,,,,,,,
ARMONÍA,DEPARTAMENTO,304.0,304.0,PROMESADO,,,,,Arrendado,2024-09-27,2025-09-26,320000.0,Por Vencer,ORIENTE,1.5D+1B,6.54,40.32,46.86,2385.31,2650.344444,2683.893108,2690.70502,2704.433107,2711.349815,304,2385.31,PROMESADO,1.5D+1B,46.86,Armonía,Stock Armonía.xlsx,,,,,,,,,,,,,,,,,,,,,,,,,
ARMONÍA,DEPARTAMENTO,305.0,305.0,PROMESADO,CI,2025-10-07,,2025-11-06 00:00:00,,,,,,SURORIENTE,2D+2B,8.15,49.69,57.84,2897.91,3219.9,3260.658228,3268.93401,3285.612245,3294.015345,305,2897.91,PROMESADO,2D+2B,57.84,Armonía,Stock Armonía.xlsx,,,,,,,,,,,,,,,,,,,,,,,,,
ARMONÍA,DEPARTAMENTO,306.0,306.0,PROMESADO,AM,2025-09-26,,2025-11-06 00:00:00,,,,,,SURPONIENTE,2D+2B,8.01,49.48,57.49,2876.37,3195.966667,3236.421941,3244.63621,3261.190476,3269.531117,306,2876.37,PROMESADO,2D+2B,57.49,Armonía,Stock Armonía.xlsx,,,,,,,,,,,,,,,,,,,,,,,,,
ARMONÍA,DEPARTAMENTO,307.0,307.0,PROMESADO,,,,,,,,,,PONIENTE,1D+1B,8.08,32.0,40.08,2310.06,2566.733333,2599.223629,2605.820643,2619.115646,2625.814152,307,2310.06,PROMESADO,1D+1B,40.08,Armonía,Stock Armonía.xlsx,,,,,,,,,,,,,,,,,,,,,,,,,
ARMONÍA,DEPARTAMENTO,308.0,308.0,PROMESADO,,,,,,,,,,PONIENTE,1D+1B,4.2,32.0,36.2,2111.57,2346.188889,2375.887482,2381.917654,2394.070295,2400.193237,308,2111.57,PROMESADO,1D+1B,36.2,Armonía,Stock Armonía.xlsx,,,,,,,,,,,,,,,,,,,,,,,,,
ARMONÍA,DEPARTAMENTO,309.0,309.0,PROMESADO,,,,,,,,,,PONIENTE,1D+1B,4.2,32.0,36.2,2067.11,2296.788889,2325.862166,2331.765369,2343.662132,2349.656152,309,2067.11,PROMESADO,1D+1B,36.2,Armonía,Stock Armonía.xlsx,,,,,,,,,,,,,,,,,,,,,,,,,
ARMONÍA,DEPARTAMENTO,310.0,310.0,PROMESADO,,,,,,,,,,SUR,1D+1B,4.34,31.86,36.2,2146.24,2384.711111,2414.897328,2421.026509,2433.378685,2439.60216,310,2146.24,PROMESADO,1D+1B,36.2,Armonía,Stock Armonía.xlsx,,,,,,,,,,,,,,,,,,,,,,,,,
ARMONÍA,DEPARTAMENTO,311.0,311.0,PROMESADO,,,,,,,,,,SURPONIENTE,2D+2B,7.84,56.4,64.24,3015.89,3350.988889,3393.40647,3402.019177,3419.376417,3428.121625,311,3015.89,PROMESADO,2D+2B,64.24,Armonía,Stock Armonía.xlsx,,,,,,,,,,,,,,,,,,,,,,,,,
ARMONÍA,DEPARTAMENTO,312.0,312.0,PROMESADO,,,,,,,,,,NORPONIENTE,2D+2B,7.84,56.4,64.24,3404.38,3782.644444,3830.52602,3840.248167,3859.84127,3869.712987,312,3404.38,PROMESADO,2D+2B,64.24,Armonía,Stock Armonía.xlsx,,,,,,,,,,,,,,,,,,,,,,,,,
ARMONÍA,DEPARTAMENTO,313.0,313.0,PROMESADO,,,,,,,,,,NORTE,1.5D+1B,6.68,40.23,46.91,2868.62,3187.355556,3227.701828,3235.893965,3252.403628,3260.721796,313,2868.62,PROMESADO,1.5D+1B,46.91,Armonía,Stock Armonía.xlsx,,,,,,,,,,,,,,,,,,,,,,,,,
ARMONÍA,DEPARTAMENTO,314.0,314.0,PROMESADO,CI,2025-10-04,,2025-11-14 00:00:00,,,,,,NORORIENTE,3D+2B,7.45,65.02,72.47,3494.51,3882.788889,3931.938115,3941.917654,3962.029478,3972.162546,314,3494.51,PROMESADO,3D+2B,72.47,Armonía,Stock Armonía.xlsx,,,,,,,,,,,,,,,,,,,,,,,,,
ARMONÍA,DEPARTAMENTO,401.0,401.0,PROMESADO,AM,2025-10-07,,,Arrendado,2024-10-01,2025-09-30,270000.0,Por Vencer,ORIENTE,1D+1B,8.08,32.36,40.44,3065.93,3406.588889,3449.710267,3458.465877,3476.111111,3485.001421,401,3065.93,PROMESADO,1D+1B,40.44,Armonía,Stock Armonía.xlsx,,,,,,,,,,,,,,,,,,,,,,,,,
ARMONÍA,DEPARTAMENTO,402.0,402.0,DISPONIBLE,,,,,Arrendado,2024-10-09,2025-10-08,270000.0,Por Vencer,ORIENTE,1D+1B,8.08,32.0,40.08,2293.78,2548.644444,2580.905767,2587.456289,2600.657596,2607.308895,402,2293.78,DISPONIBLE,1D+1B,40.08,Armonía,Stock Armonía.xlsx,,,,,,,,,,,,,,,,,,,,,,,,,
ARMONÍA,DEPARTAMENTO,403.0,403.0,PROMESADO,,,,,,,,,,ORIENTE,1.5D+1B,6.54,40.43,46.97,2396.08,2662.311111,2696.011252,2702.85392,2716.643991,2723.59193,403,2396.08,PROMESADO,1.5D+1B,46.97,Armonía,Stock Armonía.xlsx,,,,,,,,,,,,,,,,,,,,,,,,,
ARMONÍA,DEPARTAMENTO,404.0,404.0,PROMESADO,,,,2025-06-02 00:00:00,,,,,,ORIENTE,1.5D+1B,6.54,40.43,46.97,3315.18,3683.533333,3730.160338,3739.62775,3758.707483,3768.320546,404,3315.18,PROMESADO,1.5D+1B,46.97,Armonía,Stock Armonía.xlsx,,,,,,,,,,,,,,,,,,,,,,,,,
ARMONÍA,DEPARTAMENTO,405.0,405.0,PROMESADO,,,,,,,,,,SURORIENTE,2D+2B,8.15,49.54,57.69,3120.79,3467.544444,3511.437412,3520.34969,3538.310658,3547.360045,405,3120.79,PROMESADO,2D+2B,57.69,Armonía,Stock Armonía.xlsx,,,,,,,,,,,,,,,,,,,,,,,,,
ARMONÍA,DEPARTAMENTO,406.0,406.0,PROMESADO,RE,2025-09-08,,2025-10-03 00:00:00,,,,,,SURPONIENTE,2D+2B,8.01,49.48,57.49,3395.53,3772.811111,3820.568214,3830.265087,3849.807256,3859.653311,406,3395.53,PROMESADO,2D+2B,57.49,Armonía,Stock Armonía.xlsx,,,,,,,,,,,,,,,,,,,,,,,,,
ARMONÍA,DEPARTAMENTO,407.0,407.0,PROMESADO,,,,,,,,,,PONIENTE,1D+1B,8.08,32.0,40.08,2176.39,2418.211111,2448.821378,2455.036661,2467.562358,2473.873259,407,2176.39,PROMESADO,1D+1B,40.08,Armonía,Stock Armonía.xlsx,,,,,,,,,,,,,,,,,,,,,,,,,
ARMONÍA,DEPARTAMENTO,408.0,408.0,PROMESADO,inv+,2025-11-27,,,,,,,,PONIENTE,1D+1B,4.2,32.0,36.2,2164.55,2405.055556,2435.499297,2441.680767,2454.138322,2460.414891,408,2164.55,PROMESADO,1D+1B,36.2,Armonía,Stock Armonía.xlsx,,,,,,,,,,,,,,,,,,,,,,,,,
ARMONÍA,DEPARTAMENTO,409.0,409.0,PROMESADO,,,,,,,,,,PONIENTE,1D+1B,4.2,32.0,36.2,2078.13,2309.033333,2338.261603,2344.196277,2356.156463,2362.182438,409,2078.13,PROMESADO,1D+1B,36.2,Armonía,Stock Armonía.xlsx,,,,,,,,,,,,,,,,,,,,,,,,,
ARMONÍA,DEPARTAMENTO,410.0,410.0,PROMESADO,,,,,,,,,,SUR,1D+1B,4.34,32.0,36.34,2116.68,2351.866667,2381.637131,2387.681895,2399.863946,2406.001705,410,2116.68,PROMESADO,1D+1B,36.34,Armonía,Stock Armonía.xlsx,,,,,,,,,,,,,,,,,,,,,,,,,
ARMONÍA,DEPARTAMENTO,411.0,411.0,PROMESADO,,,,,,,,,,SURPONIENTE,2D+2B,7.84,56.26,64.1,3269.65,3632.944444,3678.931083,3688.268472,3707.086168,3716.567207,411,3269.65,PROMESADO,2D+2B,64.1,Armonía,Stock Armonía.xlsx,,,,,,,,,,,,,,,,,,,,,,,,,
ARMONÍA,DEPARTAMENTO,412.0,412.0,PROMESADO,,,,,,,,,,NORPONIENTE,2D+2B,7.84,56.26,64.1,2944.95,3272.166667,3313.586498,3321.996616,3338.945578,3347.485081,412,2944.95,PROMESADO,2D+2B,64.1,Armonía,Stock Armonía.xlsx,,,,,,,,,,,,,,,,,,,,,,,,,
ARMONÍA,DEPARTAMENTO,413.0,413.0,PROMESADO,,,,,,,,,,NORTE,1.5D+1B,6.68,40.43,47.11,2497.58,2775.088889,2810.216596,2817.349126,2831.723356,2838.965615,413,2497.58,PROMESADO,1.5D+1B,47.11,Armonía,Stock Armonía.xlsx,,,,,,,,,,,,,,,,,,,,,,,,,
ARMONÍA,DEPARTAMENTO,414.0,414.0,PROMESADO,CI,2025-10-15,,2025-11-18 00:00:00,,,,,,NORORIENTE,3D+2B,7.45,65.02,72.47,3510.66,3900.733333,3950.109705,3960.135364,3980.340136,3990.520034,414,3510.66,PROMESADO,3D+2B,72.47,Armonía,Stock Armonía.xlsx,,,,,,,,,,,,,,,,,,,,,,,,,
ARMONÍA,DEPARTAMENTO,501.0,501.0,PROMESADO,,,,,,,,,,ORIENTE,1D+1B,8.08,32.36,40.44,2165.63,2406.255556,2436.714487,2442.899041,2455.362812,2461.642512,501,2165.63,PROMESADO,1D+1B,40.44,Armonía,Stock Armonía.xlsx,,,,,,,,,,,,,,,,,,,,,,,,,
ARMONÍA,DEPARTAMENTO,502.0,502.0,PROMESADO,,,,,,,,,,ORIENTE,1D+1B,8.08,32.0,40.08,2154.86,2394.288889,2424.596343,2430.750141,2443.151927,2449.400398,502,2154.86,PROMESADO,1D+1B,40.08,Armonía,Stock Armonía.xlsx,,,,,,,,,,,,,,,,,,,,,,,,,
ARMONÍA,DEPARTAMENTO,503.0,503.0,PROMESADO,,,,,,,,,,ORIENTE,1.5D+1B,6.54,40.43,46.97,2390.65,2656.277778,2689.901547,2696.728708,2710.487528,2717.419722,503,2390.65,PROMESADO,1.5D+1B,46.97,Armonía,Stock Armonía.xlsx,,,,,,,,,,,,,,,,,,,,,,,,,
ARMONÍA,DEPARTAMENTO,504.0,504.0,PROMESADO,,,,,,,,,,ORIENTE,1.5D+1B,6.54,40.43,46.97,2406.85,2674.277778,2708.129395,2715.00282,2728.854875,2735.834044,504,2406.85,PROMESADO,1.5D+1B,46.97,Armonía,Stock Armonía.xlsx,,,,,,,,,,,,,,,,,,,,,,,,,
ARMONÍA,DEPARTAMENTO,505.0,505.0,PROMESADO,,,,,,,,,,SURORIENTE,2D+2B,8.15,49.54,57.69,2919.45,3243.833333,3284.894515,3293.23181,3310.034014,3318.499574,505,2919.45,PROMESADO,2D+2B,57.69,Armonía,Stock Armonía.xlsx,,,,,,,,,,,,,,,,,,,,,,,,,
ARMONÍA,DEPARTAMENTO,506.0,506.0,PROMESADO,R,2025-06-01,,2025-07-01 00:00:00,,,,,,PONIENTE,1D+1B,4.2,32.14,36.34,3711.15,4123.5,4175.696203,4186.294416,4207.653061,4218.414322,506,3711.15,PROMESADO,1D+1B,36.34,Armonía,Stock Armonía.xlsx,,,,,,,,,,,,,,,,,,,,,,,,,
ARMONÍA,DEPARTAMENTO,507.0,507.0,PROMESADO,INV+,2025-11-27,,,Arrendado,2025-04-24,2026-04-23,300000.0,Vigente,PONIENTE,1D+1B,8.08,32.0,40.08,2261.47,2512.744444,2544.551336,2551.009588,2564.024943,2570.582552,507,2261.47,PROMESADO,1D+1B,40.08,Armonía,Stock Armonía.xlsx,,,,,,,,,,,,,,,,,,,,,,,,,
ARMONÍA,DEPARTAMENTO,508.0,508.0,PROMESADO,,,,,,,,,,PONIENTE,1D+1B,4.2,32.0,36.2,2175.32,2417.022222,2447.61744,2453.829667,2466.349206,2472.657005,508,2175.32,PROMESADO,1D+1B,36.2,Armonía,Stock Armonía.xlsx,,,,,,,,,,,,,,,,,,,,,,,,,
ARMONÍA,DEPARTAMENTO,509.0,509.0,PROMESADO,R,2025-06-17,,2025-07-17 00:00:00,Arrendado,2024-10-02,2025-10-01,285000.0,Por Vencer,PONIENTE,1D+1B,4.2,32.0,36.2,2760.07,3066.744444,3105.563994,3113.446136,3129.331066,3137.33447,509,2760.07,PROMESADO,1D+1B,36.2,Armonía,Stock Armonía.xlsx,,,,,,,,,,,,,,,,,,,,,,,,,
ARMONÍA,DEPARTAMENTO,510.0,510.0,PROMESADO,,,,,,,,,,SUR,1D+1B,4.34,32.0,36.34,2089.17,2321.3,2350.683544,2356.649746,2368.673469,2374.731458,510,2089.17,PROMESADO,1D+1B,36.34,Armonía,Stock Armonía.xlsx,,,,,,,,,,,,,,,,,,,,,,,,,
ARMONÍA,DEPARTAMENTO,511.0,511.0,PROMESADO,RE,2025-07-11,,2025-08-11 00:00:00,,,,,,SURPONIENTE,2D+2B,7.84,56.26,64.1,3999.18,"3761,04",3808.648101,3818.314721,3837.795918,3847.611253,511,3999.18,PROMESADO,2D+2B,64.1,Armonía,Stock Armonía.xlsx,,,,,,,,,,,,,,,,,,,,,,,,,
ARMONÍA,DEPARTAMENTO,512.0,512.0,PROMESADO,,,,,,,,,,NORPONIENTE,2D+2B,7.84,56.26,64.1,3347.62,3719.577778,3766.661041,3776.221094,3795.487528,3805.194658,512,3347.62,PROMESADO,2D+2B,64.1,Armonía,Stock Armonía.xlsx,,,,,,,,,,,,,,,,,,,,,,,,,
ARMONÍA,DEPARTAMENTO,513.0,513.0,PROMESADO,,,,,,,,,,NORTE,1.5D+1B,6.68,40.43,47.11,2406.85,2674.277778,2708.129395,2715.00282,2728.854875,2735.834044,513,2406.85,PROMESADO,1.5D+1B,47.11,Armonía,Stock Armonía.xlsx,,,,,,,,,,,,,,,,,,,,,,,,,
ARMONÍA,DEPARTAMENTO,514.0,514.0,PROMESADO,,,,,,,,,,PONIENTE,3D+2B,4.2,32.0,36.2,2207.62,2452.911111,2483.960619,2490.265087,2502.970522,2509.371981,514,2207.62,PROMESADO,3D+2B,36.2,Armonía,Stock Armonía.xlsx,,,,,,,,,,,,,,,,,,,,,,,,,
ARMONÍA,DEPARTAMENTO,601.0,601.0,PROMESADO,,,,,,,,,,ORIENTE,1D+1B,8.08,32.36,40.44,2315.31,2572.566667,2605.130802,2611.742809,2625.068027,2631.781756,601,2315.31,PROMESADO,1D+1B,40.44,Armonía,Stock Armonía.xlsx,,,,,,,,,,,,,,,,,,,,,,,,,
ARMONÍA,DEPARTAMENTO,602.0,602.0,PROMESADO,S ventas,2025-06-01,,2025-07-01 00:00:00,,,,,,ORIENTE,1D+1B,8.08,32.0,40.08,2275.38,2528.2,2560.202532,2566.700508,2579.795918,2586.393862,602,2275.38,PROMESADO,1D+1B,40.08,Armonía,Stock Armonía.xlsx,,,,,,,,,,,,,,,,,,,,,,,,,
ARMONÍA,DEPARTAMENTO,603.0,603.0,PROMESADO,CI,2025-10-20,,2025-11-11 00:00:00,,,,,,ORIENTE,1.5D+1B,6.54,40.43,46.97,2417.62,2686.244444,2720.247539,2727.15172,2741.06576,2748.076158,603,2417.62,PROMESADO,1.5D+1B,46.97,Armonía,Stock Armonía.xlsx,,,,,,,,,,,,,,,,,,,,,,,,,
ARMONÍA,DEPARTAMENTO,604.0,604.0,PROMESADO,CI,2025-09-11,,2025-09-22 00:00:00,,,,,,ORIENTE,1.5D+1B,6.54,40.43,46.97,3245.69,3606.322222,3651.971871,3661.240835,3679.920635,3689.332197,604,3245.69,PROMESADO,1.5D+1B,46.97,Armonía,Stock Armonía.xlsx,,,,,,,,,,,,,,,,,,,,,,,,,
ARMONÍA,DEPARTAMENTO,605.0,605.0,PROMESADO,,,,,,,,,,SURORIENTE,2D+2B,8.15,49.54,57.69,2930.22,3255.8,3297.012658,3305.380711,3322.244898,3330.741688,605,2930.22,PROMESADO,2D+2B,57.69,Armonía,Stock Armonía.xlsx,,,,,,,,,,,,,,,,,,,,,,,,,
ARMONÍA,DEPARTAMENTO,606.0,606.0,PROMESADO,,,,,,,,,,SURPONIENTE,2D+2B,8.01,49.48,57.49,2908.68,3231.866667,3272.776371,3281.08291,3297.823129,3306.25746,606,2908.68,PROMESADO,2D+2B,57.49,Armonía,Stock Armonía.xlsx,,,,,,,,,,,,,,,,,,,,,,,,,
ARMONÍA,DEPARTAMENTO,607.0,607.0,PROMESADO,Inv fas,2025-10-03,,2025-10-17 00:00:00,Arrendado,2024-10-05,2025-10-04,270000.0,Por Vencer,PONIENTE,1D+1B,8.08,32.0,40.08,3036.94,3374.377778,3417.091421,3425.764241,3443.24263,3452.048878,607,3036.94,PROMESADO,1D+1B,40.08,Armonía,Stock Armonía.xlsx,,,,,,,,,,,,,,,,,,,,,,,,,
ARMONÍA,DEPARTAMENTO,608.0,608.0,PROMESADO,CI,2025-06-11,,2025-07-09 00:00:00,,,,,,ORIENTE,1D+1B,8.08,32.36,40.44,2696.26,2995.844444,3033.766526,3041.466441,3056.984127,3064.802501,608,2696.26,PROMESADO,1D+1B,40.44,Armonía,Stock Armonía.xlsx,,,,,,,,,,,,,,,,,,,,,,,,,
ARMONÍA,DEPARTAMENTO,609.0,609.0,PROMESADO,RE,2025-10-10,,2025-11-06 00:00:00,Arrendado,2024-10-08,2025-10-07,285000.0,Por Vencer,PONIENTE,1D+1B,4.2,32.0,36.2,2186.09,2428.988889,2459.735584,2465.978567,2478.560091,2484.899119,609,2186.09,PROMESADO,1D+1B,36.2,Armonía,Stock Armonía.xlsx,,,,,,,,,,,,,,,,,,,,,,,,,
ARMONÍA,DEPARTAMENTO,610.0,610.0,PROMESADO,,,,,,,,,,SUR,1D+1B,4.34,32.0,36.34,2159.16,2399.066667,2429.434599,2435.600677,2448.027211,2454.28815,610,2159.16,PROMESADO,1D+1B,36.34,Armonía,Stock Armonía.xlsx,,,,,,,,,,,,,,,,,,,,,,,,,
ARMONÍA,DEPARTAMENTO,611.0,611.0,PROMESADO,,,,,,,,,,SURPONIENTE,2D+2B,7.84,56.26,64.1,3639.8,4044.222222,4095.414909,4105.809363,4126.75737,4137.311736,611,3639.8,PROMESADO,2D+2B,64.1,Armonía,Stock Armonía.xlsx,,,,,,,,,,,,,,,,,,,,,,,,,
ARMONÍA,DEPARTAMENTO,612.0,612.0,PROMESADO,,,,,,,,,,NORPONIENTE,2D+2B,7.84,56.26,64.1,3400.6,3778.444444,3826.272855,3835.984208,3855.555556,3865.416311,612,3400.6,PROMESADO,2D+2B,64.1,Armonía,Stock Armonía.xlsx,,,,,,,,,,,,,,,,,,,,,,,,,
ARMONÍA,DEPARTAMENTO,613.0,613.0,PROMESADO,AM,2025-09-26,,2025-10-17 00:00:00,,,,,,NORTE,1.5D+1B,6.68,40.43,47.11,3317.66,3686.288889,3732.950774,3742.425268,3761.519274,3771.139528,613,3317.66,PROMESADO,1.5D+1B,47.11,Armonía,Stock Armonía.xlsx,,,,,,,,,,,,,,,,,,,,,,,,,
ARMONÍA,DEPARTAMENTO,614.0,614.0,PROMESADO,,,,,,,,,,NORORIENTE,3D+2B,7.45,65.02,72.47,3712.71,4125.233333,4177.451477,4188.054146,4209.421769,4220.187553,614,3712.71,PROMESADO,3D+2B,72.47,Armonía,Stock Armonía.xlsx,,,,,,,,,,,,,,,,,,,,,,,,,
ARMONÍA,DEPARTAMENTO,701.0,701.0,PROMESADO,,,,,,,,,,ORIENTE,1D+1B,8.08,32.36,40.44,2326.08,2584.533333,2617.248945,2623.891709,2637.278912,2644.02387,701,2326.08,PROMESADO,1D+1B,40.44,Armonía,Stock Armonía.xlsx,,,,,,,,,,,,,,,,,,,,,,,,,
ARMONÍA,DEPARTAMENTO,702.0,702.0,PROMESADO,,,,,,,,,,ORIENTE,1D+1B,8.08,32.0,40.08,2068.71,2298.566667,2327.662447,2333.57022,2345.47619,2351.474851,702,2068.71,PROMESADO,1D+1B,40.08,Armonía,Stock Armonía.xlsx,,,,,,,,,,,,,,,,,,,,,,,,,
ARMONÍA,DEPARTAMENTO,703.0,703.0,PROMESADO,R,2025-06-09,,2025-07-09 00:00:00,,,,,,ORIENTE,1D+1B,8.08,32.0,40.08,3209.13,3565.7,3610.835443,3620.0,3638.469388,3647.774936,703,3209.13,PROMESADO,1D+1B,40.08,Armonía,Stock Armonía.xlsx,,,,,,,,,,,,,,,,,,,,,,,,,
ARMONÍA,DEPARTAMENTO,704.0,704.0,PROMESADO,Eripro,2025-09-26,,2025-10-09 00:00:00,,,,,,ORIENTE,1.5D+1B,6.54,40.43,46.97,3254.39,3615.988889,3661.7609,3671.05471,3689.78458,3699.22137,704,3254.39,PROMESADO,1.5D+1B,46.97,Armonía,Stock Armonía.xlsx,,,,,,,,,,,,,,,,,,,,,,,,,
ARMONÍA,DEPARTAMENTO,705.0,705.0,PROMESADO,,,,,,,,,,SURORIENTE,2D+2B,8.15,49.54,57.69,3237.77,3597.522222,3643.060478,3652.306825,3670.941043,3680.329639,705,3237.77,PROMESADO,2D+2B,57.69,Armonía,Stock Armonía.xlsx,,,,,,,,,,,,,,,,,,,,,,,,,
ARMONÍA,DEPARTAMENTO,706.0,706.0,PROMESADO,,,,,,,,,,SURPONIENTE,2D+2B,8.01,49.48,57.49,3074.63,3416.255556,3459.499297,3468.279752,3485.975057,3494.890594,706,3074.63,PROMESADO,2D+2B,57.49,Armonía,Stock Armonía.xlsx,,,,,,,,,,,,,,,,,,,,,,,,,
ARMONÍA,DEPARTAMENTO,707.0,707.0,PROMESADO,,,,,,,,,,PONIENTE,1D+1B,8.08,32.0,40.08,2283.01,2536.677778,2568.787623,2575.307389,2588.446712,2595.06678,707,2283.01,PROMESADO,1D+1B,40.08,Armonía,Stock Armonía.xlsx,,,,,,,,,,,,,,,,,,,,,,,,,
ARMONÍA,DEPARTAMENTO,708.0,708.0,PROMESADO,,,,,,,,,,PONIENTE,1D+1B,4.2,32.0,36.2,2156.58,2396.2,2426.531646,2432.690355,2445.102041,2451.355499,708,2156.58,PROMESADO,1D+1B,36.2,Armonía,Stock Armonía.xlsx,,,,,,,,,,,,,,,,,,,,,,,,,
ARMONÍA,DEPARTAMENTO,709.0,709.0,PROMESADO,,,,,,,,,,PONIENTE,1D+1B,4.2,32.0,36.2,2411.19,2679.1,2713.012658,2719.898477,2733.77551,2740.767263,709,2411.19,PROMESADO,1D+1B,36.2,Armonía,Stock Armonía.xlsx,,,,,,,,,,,,,,,,,,,,,,,,,
ARMONÍA,DEPARTAMENTO,710.0,710.0,PROMESADO,CI,2025-07-01,,2025-07-07 00:00:00,,,,,,SUR,1D+1B,4.34,32.0,36.34,2496.31,2773.677778,2808.787623,2815.916526,2830.283447,2837.522023,710,2496.31,PROMESADO,1D+1B,36.34,Armonía,Stock Armonía.xlsx,,,,,,,,,,,,,,,,,,,,,,,,,
ARMONÍA,DEPARTAMENTO,711.0,711.0,PROMESADO,,,,,,,,,,SURPONIENTE,2D+2B,7.84,56.26,64.1,3010.76,3345.288889,3387.634318,3396.232375,3413.560091,3422.290423,711,3010.76,PROMESADO,2D+2B,64.1,Armonía,Stock Armonía.xlsx,,,,,,,,,,,,,,,,,,,,,,,,,
ARMONÍA,DEPARTAMENTO,712.0,712.0,PROMESADO,,,,,,,,,,NORPONIENTE,2D+2B,7.84,56.26,64.1,3378.1,3753.444444,3800.956399,3810.603497,3830.045351,3839.840864,712,3378.1,PROMESADO,2D+2B,64.1,Armonía,Stock Armonía.xlsx,,,,,,,,,,,,,,,,,,,,,,,,,
ARMONÍA,DEPARTAMENTO,713.0,713.0,DISPONIBLE,,,,,Arrendado,,,,,NORTE,1.5D+1B,6.68,40.43,47.11,2439.16,2710.177778,2744.483826,2751.449521,2765.487528,2772.560386,713,2439.16,DISPONIBLE,1.5D+1B,47.11,Armonía,Stock Armonía.xlsx,,,,,,,,,,,,,,,,,,,,,,,,,
ARMONÍA,DEPARTAMENTO,714.0,714.0,PROMESADO,,,,,,,,,,NORORIENTE,3D+2B,7.45,65.02,72.47,3559.12,3954.577778,4004.635724,4014.799774,4035.283447,4045.603865,714,3559.12,PROMESADO,3D+2B,72.47,Armonía,Stock Armonía.xlsx,,,,,,,,,,,,,,,,,,,,,,,,,
ARMONÍA,DEPARTAMENTO,801.0,801.0,PROMESADO,CI,,,2025-06-17 00:00:00,,,,,,SUR,1D+1B,4.34,32.0,36.34,3098.8,3443.111111,3486.694796,3495.544275,3513.378685,3522.364308,801,3098.8,PROMESADO,1D+1B,36.34,Armonía,Stock Armonía.xlsx,,,,,,,,,,,,,,,,,,,,,,,,,
ARMONÍA,DEPARTAMENTO,802.0,802.0,PROMESADO,AM,,,2025-07-02 00:00:00,,,,,,PONIENTE,1D+1B,8.08,32.0,40.08,2876.29,3195.877778,3236.331927,3244.545967,3261.099773,3269.440182,802,2876.29,PROMESADO,1D+1B,40.08,Armonía,Stock Armonía.xlsx,,,,,,,,,,,,,,,,,,,,,,,,,
ARMONÍA,DEPARTAMENTO,803.0,803.0,PROMESADO,CI,2025-09-08,,,,,,,,ORIENTE,1.5D+1B,6.54,40.43,46.97,3261.63,3624.033333,3669.907173,3679.221658,3697.993197,3707.45098,803,3261.63,PROMESADO,1.5D+1B,46.97,Armonía,Stock Armonía.xlsx,,,,,,,,,,,,,,,,,,,,,,,,,
ARMONÍA,DEPARTAMENTO,804.0,804.0,PROMESADO,Eripro,2025-09-26,,2025-10-09 00:00:00,Arrendado,2024-12-02,2025-12-01,360000.0,Vigente,ORIENTE,1.5D+1B,6.54,40.43,46.97,3268.89,3632.1,3678.075949,3687.411168,3706.22449,3715.703325,804,3268.89,PROMESADO,1.5D+1B,46.97,Armonía,Stock Armonía.xlsx,,,,,,,,,,,,,,,,,,,,,,,,,
ARMONÍA,DEPARTAMENTO,805.0,805.0,PROMESADO,,,,,,,,,,SURORIENTE,2D+2B,8.15,49.54,57.69,2853.76,3170.844444,3210.981716,3219.131416,3235.555556,3243.830634,805,2853.76,PROMESADO,2D+2B,57.69,Armonía,Stock Armonía.xlsx,,,,,,,,,,,,,,,,,,,,,,,,,
ARMONÍA,DEPARTAMENTO,806.0,806.0,PROMESADO,,,,,,,,,,SURPONIENTE,2D+2B,8.01,49.48,57.49,2928.44,3253.822222,3295.009845,3303.372814,3320.226757,3328.718386,806,2928.44,PROMESADO,2D+2B,57.49,Armonía,Stock Armonía.xlsx,,,,,,,,,,,,,,,,,,,,,,,,,
ARMONÍA,DEPARTAMENTO,807.0,807.0,PROMESADO,,,,,,,,,,PONIENTE,1D+1B,8.08,32.0,40.08,2343.8,2604.222222,2637.18706,2643.880429,2657.369615,2664.165956,807,2343.8,PROMESADO,1D+1B,40.08,Armonía,Stock Armonía.xlsx,,,,,,,,,,,,,,,,,,,,,,,,,
ARMONÍA,DEPARTAMENTO,808.0,808.0,PROMESADO,,,,,,,,,,PONIENTE,1D+1B,4.2,32.0,36.2,2167.83,2408.7,2439.189873,2445.380711,2457.857143,2464.143223,808,2167.83,PROMESADO,1D+1B,36.2,Armonía,Stock Armonía.xlsx,,,,,,,,,,,,,,,,,,,,,,,,,
ARMONÍA,DEPARTAMENTO,809.0,809.0,RESERVADO,RE,2026-01-07,7.0,,,,,,,PONIENTE,1D+1B,4.2,32.0,36.2,2207.62,2452.911111,2483.960619,2490.265087,2502.970522,2509.371981,809,2207.62,RESERVADO,1D+1B,36.2,Armonía,Stock Armonía.xlsx,,,,,,,,,,,,,,,,,,,,,,,,,
ARMONÍA,DEPARTAMENTO,810.0,810.0,PROMESADO,CI,2025-08-01,,2025-07-01 00:00:00,,,,,,SURPONIENTE,2D+2B,8.01,49.48,57.49,2692.56,2991.733333,3029.603376,3037.292724,3052.789116,3060.59676,810,2692.56,PROMESADO,2D+2B,57.49,Armonía,Stock Armonía.xlsx,,,,,,,,,,,,,,,,,,,,,,,,,
ARMONÍA,DEPARTAMENTO,811.0,811.0,PROMESADO,,,,,,,,,,SURPONIENTE,2D+2B,7.84,56.26,64.1,3348.52,3720.577778,3767.673699,3777.236323,3796.507937,3806.217675,811,3348.52,PROMESADO,2D+2B,64.1,Armonía,Stock Armonía.xlsx,,,,,,,,,,,,,,,,,,,,,,,,,
ARMONÍA,DEPARTAMENTO,812.0,812.0,PROMESADO,,,,,,,,,,NORPONIENTE,2D+2B,7.84,56.26,64.1,3195.4,3550.444444,3595.386779,3604.512126,3622.902494,3632.16823,812,3195.4,PROMESADO,2D+2B,64.1,Armonía,Stock Armonía.xlsx,,,,,,,,,,,,,,,,,,,,,,,,,
ARMONÍA,DEPARTAMENTO,813.0,813.0,PROMESADO,AM,2025-11-13,,,Arrendado,2024-10-02,2025-10-01,320000.0,Por Vencer,NORTE,1.5D+1B,6.68,40.43,47.11,2439.16,2710.177778,2744.483826,2751.449521,2765.487528,2772.560386,813,2439.16,PROMESADO,1.5D+1B,47.11,Armonía,Stock Armonía.xlsx,,,,,,,,,,,,,,,,,,,,,,,,,
ARMONÍA,DEPARTAMENTO,814.0,814.0,PROMESADO,,,,,,,,,,NORORIENTE,3D+2B,7.45,65.02,72.47,3575.27,3972.522222,4022.807314,4033.017484,4053.594104,4063.961353,814,3575.27,PROMESADO,3D+2B,72.47,Armonía,Stock Armonía.xlsx,,,,,,,,,,,,,,,,,,,,,,,,,
ARMONÍA,DEPARTAMENTO,901.0,901.0,PROMESADO,,,,,,,,,,ORIENTE,1D+1B,8.08,32.36,40.44,2208.7,2454.111111,2485.175809,2491.483362,2504.195011,2510.599602,901,2208.7,PROMESADO,1D+1B,40.44,Armonía,Stock Armonía.xlsx,,,,,,,,,,,,,,,,,,,,,,,,,
ARMONÍA,DEPARTAMENTO,902.0,902.0,PROMESADO,BI,2025-10-02,,2025-10-23 00:00:00,,,,,,ORIENTE,1D+1B,8.08,32.0,40.08,2347.62,2608.466667,2641.485232,2648.189509,2661.70068,2668.508099,902,2347.62,PROMESADO,1D+1B,40.08,Armonía,Stock Armonía.xlsx,,,,,,,,,,,,,,,,,,,,,,,,,
ARMONÍA,DEPARTAMENTO,903.0,903.0,RESERVADO,invierteconcarla,2026-01-10,4.0,,,,,,,ORIENTE,1.5D+1B,6.54,40.43,46.97,2449.92,2722.133333,2756.590717,2763.58714,2777.687075,2784.791134,903,2449.92,RESERVADO,1.5D+1B,46.97,Armonía,Stock Armonía.xlsx,,,,,,,,,,,,,,,,,,,,,,,,,
ARMONÍA,DEPARTAMENTO,904.0,904.0,PROMESADO,C.I,2025-08-11,,2025-09-11 00:00:00,,,,,,ORIENTE,1.5D+1B,6.54,40.43,46.97,3482.12,3869.022222,3917.997187,3927.941342,3947.981859,3958.079,904,3482.12,PROMESADO,1.5D+1B,46.97,Armonía,Stock Armonía.xlsx,,,,,,,,,,,,,,,,,,,,,,,,,
ARMONÍA,DEPARTAMENTO,905.0,905.0,PROMESADO,,,,,,,,,,SURORIENTE,2D+2B,8.15,49.54,57.69,2692.22,2991.355556,3029.220816,3036.909193,3052.403628,3060.210287,905,2692.22,PROMESADO,2D+2B,57.69,Armonía,Stock Armonía.xlsx,,,,,,,,,,,,,,,,,,,,,,,,,
ARMONÍA,DEPARTAMENTO,906.0,906.0,PROMESADO,,,,,,,,,,SURPONIENTE,2D+2B,8.01,49.48,57.49,2881.66,3201.844444,3242.374121,3250.603497,3267.188209,3275.544189,906,2881.66,PROMESADO,2D+2B,57.49,Armonía,Stock Armonía.xlsx,,,,,,,,,,,,,,,,,,,,,,,,,
ARMONÍA,DEPARTAMENTO,907.0,907.0,PROMESADO,,,,,,,,,,PONIENTE,1D+1B,8.08,32.0,40.08,1928.71,2143.011111,2170.137834,2175.645798,2186.746032,2192.338733,907,1928.71,PROMESADO,1D+1B,40.08,Armonía,Stock Armonía.xlsx,,,,,,,,,,,,,,,,,,,,,,,,,
ARMONÍA,DEPARTAMENTO,908.0,908.0,PROMESADO,,,,,,,,,,PONIENTE,1D+1B,4.2,32.0,36.2,2224.34,2471.488889,2502.773558,2509.125776,2521.927438,2528.37738,908,2224.34,PROMESADO,1D+1B,36.2,Armonía,Stock Armonía.xlsx,,,,,,,,,,,,,,,,,,,,,,,,,
ARMONÍA,DEPARTAMENTO,909.0,909.0,PROMESADO,,,,,,,,,,PONIENTE,1D+1B,4.2,32.0,36.2,2218.39,2464.877778,2496.078762,2502.413988,2515.181406,2521.614095,909,2218.39,PROMESADO,1D+1B,36.2,Armonía,Stock Armonía.xlsx,,,,,,,,,,,,,,,,,,,,,,,,,
ARMONÍA,DEPARTAMENTO,910.0,910.0,PROMESADO,CI,2025-11-07,,2025-11-19 00:00:00,,,,,,SUR,1D+1B,4.34,32.0,36.34,2191.47,2434.966667,2465.78903,2472.047377,2484.659864,2491.014493,910,2191.47,PROMESADO,1D+1B,36.34,Armonía,Stock Armonía.xlsx,,,,,,,,,,,,,,,,,,,,,,,,,
ARMONÍA,DEPARTAMENTO,911.0,911.0,PROMESADO,,,,,,,,,,SURPONIENTE,2D+2B,7.84,56.26,64.1,2907.6,3230.666667,3271.561181,3279.864636,3296.598639,3305.029838,911,2907.6,PROMESADO,2D+2B,64.1,Armonía,Stock Armonía.xlsx,,,,,,,,,,,,,,,,,,,,,,,,,
ARMONÍA,DEPARTAMENTO,912.0,912.0,PROMESADO,,,,,,,,,,NORPONIENTE,2D+2B,7.84,56.26,64.1,3469.48,3854.977778,3903.774965,3913.683023,3933.650794,3943.711282,912,3469.48,PROMESADO,2D+2B,64.1,Armonía,Stock Armonía.xlsx,,,,,,,,,,,,,,,,,,,,,,,,,
ARMONÍA,DEPARTAMENTO,913.0,913.0,PROMESADO,,,,,,,,,,NORTE,1.5D+1B,6.68,40.43,47.11,2603.65,2892.944444,2929.563994,2936.999436,2951.984127,2959.533959,913,2603.65,PROMESADO,1.5D+1B,47.11,Armonía,Stock Armonía.xlsx,,,,,,,,,,,,,,,,,,,,,,,,,
ARMONÍA,DEPARTAMENTO,914.0,914.0,PROMESADO,CI,2025-10-20,,por enviar,,,,,,NORORIENTE,3D+2B,7.45,65.02,72.47,3591.43,3990.477778,4040.990155,4051.246475,4071.9161,4082.330207,914,3591.43,PROMESADO,3D+2B,72.47,Armonía,Stock Armonía.xlsx,,,,,,,,,,,,,,,,,,,,,,,,,
ARMONÍA,DEPARTAMENTO,1001.0,1001.0,DISPONIBLE,,,,,Arrendado,2025-03-01,2026-02-28,300000.0,Vigente,ORIENTE,1D+1B,8.08,32.36,40.44,2358.39,2620.433333,2653.603376,2660.338409,2673.911565,2680.750213,1001,2358.39,DISPONIBLE,1D+1B,40.44,Armonía,Stock Armonía.xlsx,,,,,,,,,,,,,,,,,,,,,,,,,
ARMONÍA,DEPARTAMENTO,1002.0,1002.0,PROMESADO,,,,,,,,,,ORIENTE,1D+1B,8.08,32.0,40.08,2431.49,2701.655556,2735.853727,2742.797518,2756.791383,2763.842001,1002,2431.49,PROMESADO,1D+1B,40.08,Armonía,Stock Armonía.xlsx,,,,,,,,,,,,,,,,,,,,,,,,,
ARMONÍA,DEPARTAMENTO,1003.0,1003.0,RESERVADO,SV,2025-10-21,85.0,,Arrendado,2024-10-18,2025-10-17,330000.0,Por Vencer,ORIENTE,1.5D+1B,6.54,40.43,46.97,2460.69,2734.1,2768.708861,2775.736041,2789.897959,2797.033248,1003,2460.69,RESERVADO,1.5D+1B,46.97,Armonía,Stock Armonía.xlsx,,,,,,,,,,,,,,,,,,,,,,,,,
ARMONÍA,DEPARTAMENTO,1004.0,1004.0,PROMESADO,AM,2025-09-26,,2025-10-17 00:00:00,,,,,,ORIENTE,1.5D+1B,6.54,40.43,46.97,3269.61,3632.9,3678.886076,3688.22335,3707.040816,3716.521739,1004,3269.61,PROMESADO,1.5D+1B,46.97,Armonía,Stock Armonía.xlsx,,,,,,,,,,,,,,,,,,,,,,,,,
ARMONÍA,DEPARTAMENTO,1005.0,1005.0,PROMESADO,Re,2025-05-02,,2025-06-02 00:00:00,,,,,,SURORIENTE,2D+2B,8.15,49.54,57.69,3651.56,4057.288889,4108.646976,4119.075014,4140.090703,4150.67917,1005,3651.56,PROMESADO,2D+2B,57.69,Armonía,Stock Armonía.xlsx,,,,,,,,,,,,,,,,,,,,,,,,,
ARMONÍA,DEPARTAMENTO,1006.0,1006.0,PROMESADO,CI,2025-07-26,,2025-08-14 00:00:00,,,,,,SURPONIENTE,2D+2B,8.01,49.48,57.49,3831.01,4256.677778,4310.559775,4321.500282,4343.548753,4354.657573,1006,3831.01,PROMESADO,2D+2B,57.49,Armonía,Stock Armonía.xlsx,,,,,,,,,,,,,,,,,,,,,,,,,
ARMONÍA,DEPARTAMENTO,1007.0,1007.0,PROMESADO,CI,,,2025-07-14 00:00:00,,,,,,NORORIENTE,3D+2B,7.45,65.02,72.47,3022.33,3358.144444,3400.652602,3409.2837,3426.678005,3435.441887,1007,3022.33,PROMESADO,3D+2B,72.47,Armonía,Stock Armonía.xlsx,,,,,,,,,,,,,,,,,,,,,,,,,
ARMONÍA,DEPARTAMENTO,1008.0,1008.0,PROMESADO,,,,,,,,,,PONIENTE,1D+1B,4.2,32.0,36.2,2168.86,2409.844444,2440.348805,2446.542583,2459.024943,2465.31401,1008,2168.86,PROMESADO,1D+1B,36.2,Armonía,Stock Armonía.xlsx,,,,,,,,,,,,,,,,,,,,,,,,,
ARMONÍA,DEPARTAMENTO,1009.0,1009.0,PROMESADO,,,,,,,,,,PONIENTE,1D+1B,4.2,32.0,36.2,2229.16,2476.844444,2508.196906,2514.562888,2527.39229,2533.856209,1009,2229.16,PROMESADO,1D+1B,36.2,Armonía,Stock Armonía.xlsx,,,,,,,,,,,,,,,,,,,,,,,,,
ARMONÍA,DEPARTAMENTO,1010.0,1010.0,PROMESADO,INV+,2025-12-02,,,Arrendado,2024-10-06,2025-10-05,285000.0,Por Vencer,SUR,1D+1B,4.34,32.0,36.34,2202.24,2446.933333,2477.907173,2484.196277,2496.870748,2503.256607,1010,2202.24,PROMESADO,1D+1B,36.34,Armonía,Stock Armonía.xlsx,,,,,,,,,,,,,,,,,,,,,,,,,
ARMONÍA,DEPARTAMENTO,1011.0,1011.0,PROMESADO,,,,,,,,,,SURPONIENTE,2D+2B,7.84,56.26,64.1,3546.2,3940.222222,3990.098453,4000.225606,4020.634921,4030.917874,1011,3546.2,PROMESADO,2D+2B,64.1,Armonía,Stock Armonía.xlsx,,,,,,,,,,,,,,,,,,,,,,,,,
ARMONÍA,DEPARTAMENTO,1012.0,1012.0,PROMESADO,,,,,,,,,,NORPONIENTE,2D+2B,7.84,56.26,64.1,3224.9,3583.222222,3628.579466,3637.789058,3656.349206,3665.700483,1012,3224.9,PROMESADO,2D+2B,64.1,Armonía,Stock Armonía.xlsx,,,,,,,,,,,,,,,,,,,,,,,,,
ARMONÍA,DEPARTAMENTO,1013.0,1013.0,PROMESADO,,,,,,,,,,NORTE,1.5D+1B,6.68,40.43,47.11,2614.9,2905.444444,2942.222222,2949.689791,2964.739229,2972.321682,1013,2614.9,PROMESADO,1.5D+1B,47.11,Armonía,Stock Armonía.xlsx,,,,,,,,,,,,,,,,,,,,,,,,,
ARMONÍA,DEPARTAMENTO,1014.0,1014.0,PROMESADO,,,,,,,,,,NORORIENTE,3D+2B,7.45,65.02,72.47,3904.04,4337.822222,4392.731364,4403.880429,4426.349206,4437.669793,1014,3904.04,PROMESADO,3D+2B,72.47,Armonía,Stock Armonía.xlsx,,,,,,,,,,,,,,,,,,,,,,,,,
ARMONÍA,DEPARTAMENTO,1101.0,1101.0,PROMESADO,Inv +,2025-10-06,,2025-11-06 00:00:00,Arrendado,2024-10-03,2025-10-02,285000.0,Por Vencer,ORIENTE,1D+1B,8.08,32.36,40.44,2369.16,2632.4,2665.721519,2672.48731,2686.122449,2692.992327,1101,2369.16,PROMESADO,1D+1B,40.44,Armonía,Stock Armonía.xlsx,,,,,,,,,,,,,,,,,,,,,,,,,
ARMONÍA,DEPARTAMENTO,1102.0,1102.0,PROMESADO,INOVO,2025-11-28,,,Arrendado,2024-09-12,2025-09-11,270000.0,Por Vencer,ORIENTE,1D+1B,8.08,32.0,40.08,2369.16,2632.4,2665.721519,2672.48731,2686.122449,2692.992327,1102,2369.16,PROMESADO,1D+1B,40.08,Armonía,Stock Armonía.xlsx,,,,,,,,,,,,,,,,,,,,,,,,,
ARMONÍA,DEPARTAMENTO,1103.0,1103.0,PROMESADO,CI,2025-09-08,,,,,,,,ORIENTE,1.5D+1B,6.54,40.43,46.97,3297.95,3664.388889,3710.773558,3720.191765,3739.172336,3748.735436,1103,3297.95,PROMESADO,1.5D+1B,46.97,Armonía,Stock Armonía.xlsx,,,,,,,,,,,,,,,,,,,,,,,,,
ARMONÍA,DEPARTAMENTO,1104.0,1104.0,PROMESADO,CI,2025-07-26,,2025-09-01 00:00:00,,,,,,ORIENTE,1.5D+1B,6.54,40.43,46.97,3499.36,3888.177778,3937.395218,3947.388607,3967.528345,3977.675476,1104,3499.36,PROMESADO,1.5D+1B,46.97,Armonía,Stock Armonía.xlsx,,,,,,,,,,,,,,,,,,,,,,,,,
ARMONÍA,DEPARTAMENTO,1105.0,1105.0,PROMESADO,CI,2025-11-03,,2025-12-03 00:00:00,Arrendado,2024-11-01,2025-10-31,380000.0,Vigente,SURORIENTE,2D+2B,8.15,49.54,57.69,2984.06,3315.622222,3357.592124,3366.113931,3383.287982,3391.940892,1105,2984.06,PROMESADO,2D+2B,57.69,Armonía,Stock Armonía.xlsx,,,,,,,,,,,,,,,,,,,,,,,,,
ARMONÍA,DEPARTAMENTO,1106.0,1106.0,RESERVADO,INVIERTEPRO,2026-01-07,7.0,,,,,,,SURPONIENTE,2D+2B,8.01,49.48,57.49,2962.52,3291.688889,3333.355837,3341.816131,3358.866213,3367.456664,1106,2962.52,RESERVADO,2D+2B,57.49,Armonía,Stock Armonía.xlsx,,,,,,,,,,,,,,,,,,,,,,,,,
ARMONÍA,DEPARTAMENTO,1107.0,1107.0,PROMESADO,INOVO,2025-11-28,,,Arrendado,2024-10-04,2025-10-03,285000.0,Por Vencer,PONIENTE,1D+1B,8.08,32.0,40.08,2326.08,2584.533333,2617.248945,2623.891709,2637.278912,2644.02387,1107,2326.08,PROMESADO,1D+1B,40.08,Armonía,Stock Armonía.xlsx,,,,,,,,,,,,,,,,,,,,,,,,,
ARMONÍA,DEPARTAMENTO,1108.0,1108.0,PROMESADO,,,,,,,,,,PONIENTE,1D+1B,4.2,32.0,36.2,2256.08,2506.755556,2538.486639,2544.929498,2557.913832,2564.455811,1108,2256.08,PROMESADO,1D+1B,36.2,Armonía,Stock Armonía.xlsx,,,,,,,,,,,,,,,,,,,,,,,,,
ARMONÍA,DEPARTAMENTO,1109.0,1109.0,PROMESADO,,,,,,,,,,PONIENTE,1D+1B,4.2,32.0,36.2,2239.93,2488.811111,2520.315049,2526.711788,2539.603175,2546.098323,1109,2239.93,PROMESADO,1D+1B,36.2,Armonía,Stock Armonía.xlsx,,,,,,,,,,,,,,,,,,,,,,,,,
ARMONÍA,DEPARTAMENTO,1110.0,1110.0,PROMESADO,,,,,,,,,,SUR,1D+1B,4.34,32.0,36.34,2195.46,2439.4,2470.278481,2476.548223,2489.183673,2495.549872,1110,2195.46,PROMESADO,1D+1B,36.34,Armonía,Stock Armonía.xlsx,,,,,,,,,,,,,,,,,,,,,,,,,
ARMONÍA,DEPARTAMENTO,1111.0,1111.0,PROMESADO,,,,,,,,,,SURPONIENTE,2D+2B,7.84,56.26,64.1,3068.02,3408.911111,3452.061885,3460.823463,3478.480726,3487.377096,1111,3068.02,PROMESADO,2D+2B,64.1,Armonía,Stock Armonía.xlsx,,,,,,,,,,,,,,,,,,,,,,,,,
ARMONÍA,DEPARTAMENTO,1112.0,1112.0,PROMESADO,,,,,,,,,,NORPONIENTE,2D+2B,7.84,56.26,64.1,3421.06,3801.177778,3849.293952,3859.063734,3878.752834,3888.672918,1112,3421.06,PROMESADO,2D+2B,64.1,Armonía,Stock Armonía.xlsx,,,,,,,,,,,,,,,,,,,,,,,,,
ARMONÍA,DEPARTAMENTO,1113.0,1113.0,PROMESADO,,,,,,,,,,NORTE,1.5D+1B,6.68,40.43,47.11,2976.55,3307.277778,3349.142053,3357.642414,3374.773243,3383.404376,1113,2976.55,PROMESADO,1.5D+1B,47.11,Armonía,Stock Armonía.xlsx,,,,,,,,,,,,,,,,,,,,,,,,,
ARMONÍA,DEPARTAMENTO,1114.0,1114.0,PROMESADO,,,,,,,,,,NORORIENTE,3D+2B,7.45,65.02,72.47,3910.92,4345.466667,4400.472574,4411.641286,4434.14966,4445.490196,1114,3910.92,PROMESADO,3D+2B,72.47,Armonía,Stock Armonía.xlsx,,,,,,,,,,,,,,,,,,,,,,,,,
ARMONÍA,DEPARTAMENTO,1201.0,1201.0,PROMESADO,CI,2025-10-09,,2025-10-28 00:00:00,,,,,,ORIENTE,1D+1B,8.08,32.36,40.44,2379.93,2644.366667,2677.839662,2684.63621,2698.333333,2705.234442,1201,2379.93,PROMESADO,1D+1B,40.44,Armonía,Stock Armonía.xlsx,,,,,,,,,,,,,,,,,,,,,,,,,
ARMONÍA,DEPARTAMENTO,1202.0,1202.0,PROMESADO,INV PRO,2025-10-28,,2025-11-06 00:00:00,,,,,,ORIENTE,1D+1B,8.08,32.0,40.08,2379.93,2644.366667,2677.839662,2684.63621,2698.333333,2705.234442,1202,2379.93,PROMESADO,1D+1B,40.08,Armonía,Stock Armonía.xlsx,,,,,,,,,,,,,,,,,,,,,,,,,
ARMONÍA,DEPARTAMENTO,1203.0,1203.0,DISPONIBLE,,,,,Arrendado,2024-11-01,2025-10-31,330000.0,Vigente,ORIENTE,1.5D+1B,6.54,40.43,46.97,2482.23,2758.033333,2792.945148,2800.033841,2814.319728,2821.517477,1203,2482.23,DISPONIBLE,1.5D+1B,46.97,Armonía,Stock Armonía.xlsx,,,,,,,,,,,,,,,,,,,,,,,,,
ARMONÍA,DEPARTAMENTO,1204.0,1204.0,PROMESADO,CI,2025-11-24,,2025-11-29 00:00:00,Arrendado,2024-11-02,2025-11-01,330000.0,Vigente,ORIENTE,1.5D+1B,6.54,40.43,46.97,2482.23,2758.033333,2792.945148,2800.033841,2814.319728,2821.517477,1204,2482.23,PROMESADO,1.5D+1B,46.97,Armonía,Stock Armonía.xlsx,,,,,,,,,,,,,,,,,,,,,,,,,
ARMONÍA,DEPARTAMENTO,1205.0,1205.0,PROMESADO,,,,,,,,,,SURORIENTE,2D+2B,8.15,49.54,57.69,3446.05,3828.944444,3877.412096,3887.253243,3907.086168,3917.078716,1205,3446.05,PROMESADO,2D+2B,57.69,Armonía,Stock Armonía.xlsx,,,,,,,,,,,,,,,,,,,,,,,,,
ARMONÍA,DEPARTAMENTO,1206.0,1206.0,PROMESADO,,,,,,,,,,SURPONIENTE,2D+2B,8.01,49.48,57.49,2974.03,3304.477778,3346.30661,3354.799774,3371.9161,3380.539926,1206,2974.03,PROMESADO,2D+2B,57.49,Armonía,Stock Armonía.xlsx,,,,,,,,,,,,,,,,,,,,,,,,,
ARMONÍA,DEPARTAMENTO,1207.0,1207.0,DISPONIBLE,,,,,Arrendado,2024-10-05,2025-10-04,270000.0,Por Vencer,PONIENTE,1D+1B,8.08,32.0,40.08,2336.85,2596.5,2629.367089,2636.040609,2649.489796,2656.265985,1207,2336.85,DISPONIBLE,1D+1B,40.08,Armonía,Stock Armonía.xlsx,,,,,,,,,,,,,,,,,,,,,,,,,
ARMONÍA,DEPARTAMENTO,1208.0,1208.0,PROMESADO,,,,,,,,,,PONIENTE,1D+1B,4.2,32.0,36.2,2190.34,2433.711111,2464.517581,2470.772702,2483.378685,2489.730037,1208,2190.34,PROMESADO,1D+1B,36.2,Armonía,Stock Armonía.xlsx,,,,,,,,,,,,,,,,,,,,,,,,,
ARMONÍA,DEPARTAMENTO,1209.0,1209.0,PROMESADO,,,,,,,,,,PONIENTE,1D+1B,4.2,32.0,36.2,2250.7,2500.777778,2532.433193,2538.860688,2551.814059,2558.340438,1209,2250.7,PROMESADO,1D+1B,36.2,Armonía,Stock Armonía.xlsx,,,,,,,,,,,,,,,,,,,,,,,,,
ARMONÍA,DEPARTAMENTO,1210.0,1210.0,PROMESADO,inv fas,2025-09-29,,2025-10-17 00:00:00,Arrendado,,,,,SUR,1D+1B,4.34,32.0,36.34,2933.59,3259.544444,3300.804501,3309.182177,3326.06576,3334.572322,1210,2933.59,PROMESADO,1D+1B,36.34,Armonía,Stock Armonía.xlsx,,,,,,,,,,,,,,,,,,,,,,,,,
ARMONÍA,DEPARTAMENTO,1211.0,1211.0,PROMESADO,CI,2025-11-12,,2025-12-02 00:00:00,,,,,,SURPONIENTE,2D+2B,7.84,56.26,64.1,3177.9,3531,3575.696203,3584.771574,3603.061224,3612.276215,1211,3177.9,PROMESADO,2D+2B,64.1,Armonía,Stock Armonía.xlsx,,,,,,,,,,,,,,,,,,,,,,,,,
ARMONÍA,DEPARTAMENTO,1212.0,1212.0,PROMESADO,,,,,,,,,,NORPONIENTE,2D+2B,7.84,56.26,64.1,3467.41,3852.677778,3901.445851,3911.347998,3931.303855,3941.35834,1212,3467.41,PROMESADO,2D+2B,64.1,Armonía,Stock Armonía.xlsx,,,,,,,,,,,,,,,,,,,,,,,,,
ARMONÍA,DEPARTAMENTO,1213.0,1213.0,DISPONIBLE,,,,,Arrendado,2024-09-10,2025-09-09,320000.0,Por Vencer,NORTE,1.5D+1B,6.68,40.43,47.11,2482.23,2758.033333,2792.945148,2800.033841,2814.319728,2821.517477,1213,2482.23,DISPONIBLE,1.5D+1B,47.11,Armonía,Stock Armonía.xlsx,,,,,,,,,,,,,,,,,,,,,,,,,
ARMONÍA,DEPARTAMENTO,1214.0,1214.0,PROMESADO,,,,,,,,,,NORORIENTE,3D+2B,7.45,65.02,72.47,3743.31,4159.233333,4211.881857,4222.571912,4244.115646,4254.970162,1214,3743.31,PROMESADO,3D+2B,72.47,Armonía,Stock Armonía.xlsx,,,,,,,,,,,,,,,,,,,,,,,,,
ARMONÍA,DEPARTAMENTO,1301.0,1301.0,PROMESADO,INVER+,2025-11-28,,,Arrendado,2025-09-02,2026-09-01,300000.0,,ORIENTE,1D+1B,8.08,32.36,40.44,2390.7,2656.333333,2689.957806,2696.78511,2710.544218,2717.476556,1301,2390.7,PROMESADO,1D+1B,40.44,Armonía,Stock Armonía.xlsx,,,,,,,,,,,,,,,,,,,,,,,,,
ARMONÍA,DEPARTAMENTO,1302.0,1302.0,PROMESADO,Inv+,2025-09-23,,2025-10-07 00:00:00,,,,,,ORIENTE,1D+1B,8.08,32.0,40.08,3276.11,3640.122222,3686.199719,3695.555556,3714.410431,3723.910202,1302,3276.11,PROMESADO,1D+1B,40.08,Armonía,Stock Armonía.xlsx,,,,,,,,,,,,,,,,,,,,,,,,,
ARMONÍA,DEPARTAMENTO,1303.0,1303.0,PROMESADO,BD,2025-10-16,,2025-11-18 00:00:00,Arrendado,2024-09-23,2025-08-22,330000.0,Por Vencer,ORIENTE,1.5D+1B,6.54,40.43,46.97,2493.0,2770,2805.063291,2812.182741,2826.530612,2833.759591,1303,2493.0,PROMESADO,1.5D+1B,46.97,Armonía,Stock Armonía.xlsx,,,,,,,,,,,,,,,,,,,,,,,,,
ARMONÍA,DEPARTAMENTO,1304.0,1304.0,PROMESADO,INVER+,2025-12-16,,,,,,,,ORIENTE,1.5D+1B,6.54,40.43,46.97,2493.0,2770,2805.063291,2812.182741,2826.530612,2833.759591,1304,2493.0,PROMESADO,1.5D+1B,46.97,Armonía,Stock Armonía.xlsx,,,,,,,,,,,,,,,,,,,,,,,,,
ARMONÍA,DEPARTAMENTO,1305.0,1305.0,PROMESADO,,,,,,,,,,SURORIENTE,2D+2B,8.15,49.54,57.69,3049.75,3388.611111,3431.504923,3440.214326,3457.76644,3466.609832,1305,3049.75,PROMESADO,2D+2B,57.69,Armonía,Stock Armonía.xlsx,,,,,,,,,,,,,,,,,,,,,,,,,
ARMONÍA,DEPARTAMENTO,1306.0,1306.0,RESERVADO,CI,2025-12-12,33.0,,Arrendado,2025-03-05,2026-03-04,385000.0,Vigente,SURPONIENTE,2D+2B,8.01,49.48,57.49,2984.06,3315.622222,3357.592124,3366.113931,3383.287982,3391.940892,1306,2984.06,RESERVADO,2D+2B,57.49,Armonía,Stock Armonía.xlsx,,,,,,,,,,,,,,,,,,,,,,,,,
ARMONÍA,DEPARTAMENTO,1307.0,1307.0,DISPONIBLE,,,,,,,,,,PONIENTE,1D+1B,8.08,32.0,40.08,2347.62,2608.466667,2641.485232,2648.189509,2661.70068,2668.508099,1307,2347.62,DISPONIBLE,1D+1B,40.08,Armonía,Stock Armonía.xlsx,,,,,,,,,,,,,,,,,,,,,,,,,
ARMONÍA,DEPARTAMENTO,1308.0,1308.0,PROMESADO,,,,,,,,,,PONIENTE,1D+1B,4.2,32.0,36.2,2178.42,2420.466667,2451.105485,2457.326565,2469.863946,2476.180733,1308,2178.42,PROMESADO,1D+1B,36.2,Armonía,Stock Armonía.xlsx,,,,,,,,,,,,,,,,,,,,,,,,,
ARMONÍA,DEPARTAMENTO,1309.0,1309.0,PROMESADO,,,,,,,,,,PONIENTE,1D+1B,4.2,32.0,36.2,2261.47,2512.744444,2544.551336,2551.009588,2564.024943,2570.582552,1309,2261.47,PROMESADO,1D+1B,36.2,Armonía,Stock Armonía.xlsx,,,,,,,,,,,,,,,,,,,,,,,,,
ARMONÍA,DEPARTAMENTO,1310.0,1310.0,PROMESADO,,,,,,,,,,SUR,1D+1B,4.34,32.0,36.34,2261.47,2512.744444,2544.551336,2551.009588,2564.024943,2570.582552,1310,2261.47,PROMESADO,1D+1B,36.34,Armonía,Stock Armonía.xlsx,,,,,,,,,,,,,,,,,,,,,,,,,
ARMONÍA,DEPARTAMENTO,1311.0,1311.0,PROMESADO,,,,,,,,,,SURPONIENTE,2D+2B,7.84,56.26,64.1,3059.86,3399.844444,3442.88045,3451.618725,3469.229025,3478.101733,1311,3059.86,PROMESADO,2D+2B,64.1,Armonía,Stock Armonía.xlsx,,,,,,,,,,,,,,,,,,,,,,,,,
ARMONÍA,DEPARTAMENTO,1312.0,1312.0,PROMESADO,,,,,,,,,,NORPONIENTE,2D+2B,7.84,56.26,64.1,3649.58,4055.088889,4106.419128,4116.841512,4137.845805,4148.428531,1312,3649.58,PROMESADO,2D+2B,64.1,Armonía,Stock Armonía.xlsx,,,,,,,,,,,,,,,,,,,,,,,,,
ARMONÍA,DEPARTAMENTO,1313.0,1313.0,PROMESADO,Inv+,2025-11-18,,,Arrendado,2024-10-04,2025-10-03,320000.0,Por Vencer,NORTE,1.5D+1B,6.68,40.43,47.11,2493.0,2770,2805.063291,2812.182741,2826.530612,2833.759591,1313,2493.0,PROMESADO,1.5D+1B,47.11,Armonía,Stock Armonía.xlsx,,,,,,,,,,,,,,,,,,,,,,,,,
ARMONÍA,DEPARTAMENTO,1314.0,1314.0,PROMESADO,SV,2025-08-20,,2025-09-11 00:00:00,,,,,,NORORIENTE,3D+2B,7.45,65.02,72.47,3617.27,4019.188889,4070.064698,4080.394811,4101.213152,4111.702188,1314,3617.27,PROMESADO,3D+2B,72.47,Armonía,Stock Armonía.xlsx,,,,,,,,,,,,,,,,,,,,,,,,,
ARMONÍA,DEPARTAMENTO,1401.0,1401.0,PROMESADO,Inv+,2025-09-23,,2025-10-07 00:00:00,,,,,,ORIENTE,1D+1B,8.08,32.36,40.44,3079.91,3422.122222,3465.440225,3474.235759,3491.961451,3500.892299,1401,3079.91,PROMESADO,1D+1B,40.44,Armonía,Stock Armonía.xlsx,,,,,,,,,,,,,,,,,,,,,,,,,
ARMONÍA,DEPARTAMENTO,1402.0,1402.0,PROMESADO,,,,,,,,,,ORIENTE,1D+1B,8.08,32.0,40.08,2256.08,2506.755556,2538.486639,2544.929498,2557.913832,2564.455811,1402,2256.08,PROMESADO,1D+1B,40.08,Armonía,Stock Armonía.xlsx,,,,,,,,,,,,,,,,,,,,,,,,,
ARMONÍA,DEPARTAMENTO,1403.0,1403.0,PROMESADO,AM,2025-10-03,,por enviar ,,,,,,ORIENTE,1.5D+1B,6.54,40.43,46.97,3355.86,3728.733333,3775.932489,3785.516074,3804.829932,3814.560955,1403,3355.86,PROMESADO,1.5D+1B,46.97,Armonía,Stock Armonía.xlsx,,,,,,,,,,,,,,,,,,,,,,,,,
ARMONÍA,DEPARTAMENTO,1404.0,1404.0,RESERVADO,inviertepro,2026-01-07,7.0,,Arrendado,2024-12-24,2025-12-23,360000.0,Vigente,ORIENTE,1.5D+1B,6.54,40.43,46.97,2503.77,2781.966667,2817.181435,2824.331641,2838.741497,2846.001705,1404,2503.77,RESERVADO,1.5D+1B,46.97,Armonía,Stock Armonía.xlsx,,,,,,,,,,,,,,,,,,,,,,,,,
ARMONÍA,DEPARTAMENTO,1405.0,1405.0,PROMESADO,,,,,,,,,,SURORIENTE,2D+2B,8.15,49.54,57.69,2692.22,2991.355556,3029.220816,3036.909193,3052.403628,3060.210287,1405,2692.22,PROMESADO,2D+2B,57.69,Armonía,Stock Armonía.xlsx,,,,,,,,,,,,,,,,,,,,,,,,,
ARMONÍA,DEPARTAMENTO,1406.0,1406.0,DISPONIBLE,,,,,Arrendado,2024-10-01,2025-09-30,380000.0,Por Vencer,SURPONIENTE,2D+2B,8.01,49.48,57.49,2994.83,3327.588889,3369.710267,3378.262831,3395.498866,3404.183007,1406,2994.83,DISPONIBLE,2D+2B,57.49,Armonía,Stock Armonía.xlsx,,,,,,,,,,,,,,,,,,,,,,,,,
ARMONÍA,DEPARTAMENTO,1407.0,1407.0,PROMESADO,CI,2025-10-23,,2025-11-18 00:00:00,,,,,,PONIENTE,1D+1B,8.08,32.0,40.08,2358.39,2620.433333,2653.603376,2660.338409,2673.911565,2680.750213,1407,2358.39,PROMESADO,1D+1B,40.08,Armonía,Stock Armonía.xlsx,,,,,,,,,,,,,,,,,,,,,,,,,
ARMONÍA,DEPARTAMENTO,1408.0,1408.0,PROMESADO,,,,,,,,,,PONIENTE,1D+1B,4.2,32.0,36.2,2272.24,2524.711111,2556.66948,2563.158488,2576.235828,2582.824666,1408,2272.24,PROMESADO,1D+1B,36.2,Armonía,Stock Armonía.xlsx,,,,,,,,,,,,,,,,,,,,,,,,,
ARMONÍA,DEPARTAMENTO,1409.0,1409.0,PROMESADO,,,,,,,,,,PONIENTE,1D+1B,4.2,32.0,36.2,2189.55,2432.833333,2463.628692,2469.881557,2482.482993,2488.832055,1409,2189.55,PROMESADO,1D+1B,36.2,Armonía,Stock Armonía.xlsx,,,,,,,,,,,,,,,,,,,,,,,,,
ARMONÍA,DEPARTAMENTO,1410.0,1410.0,PROMESADO,,,,,,,,,,SUR,1D+1B,4.34,32.0,36.34,2245.32,2494.8,2526.379747,2532.791878,2545.714286,2552.225064,1410,2245.32,PROMESADO,1D+1B,36.34,Armonía,Stock Armonía.xlsx,,,,,,,,,,,,,,,,,,,,,,,,,
ARMONÍA,DEPARTAMENTO,1411.0,1411.0,PROMESADO,,,,,,,,,,SURPONIENTE,2D+2B,7.84,56.26,64.1,3185.21,3539.122222,3583.921238,3593.017484,3611.349206,3620.585394,1411,3185.21,PROMESADO,2D+2B,64.1,Armonía,Stock Armonía.xlsx,,,,,,,,,,,,,,,,,,,,,,,,,
ARMONÍA,DEPARTAMENTO,1412.0,1412.0,PROMESADO,,,,,,,,,,NORPONIENTE,2D+2B,7.84,56.26,64.1,3416.14,3795.711111,3843.758087,3853.513818,3873.174603,3883.080421,1412,3416.14,PROMESADO,2D+2B,64.1,Armonía,Stock Armonía.xlsx,,,,,,,,,,,,,,,,,,,,,,,,,
ARMONÍA,DEPARTAMENTO,1413.0,1413.0,PROMESADO,AM,2025-10-03,,,Arrendado,,,,,NORTE,1.5D+1B,6.68,40.43,47.11,3355.86,3728.733333,3775.932489,3785.516074,3804.829932,3814.560955,1413,3355.86,PROMESADO,1.5D+1B,47.11,Armonía,Stock Armonía.xlsx,,,,,,,,,,,,,,,,,,,,,,,,,
ARMONÍA,DEPARTAMENTO,1414.0,1414.0,RESERVADO,CI,2025-12-16,29.0,,,,,,,NORORIENTE,3D+2B,7.45,65.02,72.47,3672.19,4080.211111,4131.859353,4142.346306,4163.480726,4174.129014,1414,3672.19,RESERVADO,3D+2B,72.47,Armonía,Stock Armonía.xlsx,,,,,,,,,,,,,,,,,,,,,,,,,
ARMONÍA,DEPARTAMENTO,1501.0,1501.0,PROMESADO,SV,,,2025-05-05 00:00:00,,,,,,ORIENTE,1D+1B,8.08,32.36,40.44,2401.79,2668.655556,2702.436006,2709.29498,2723.117914,2730.08241,1501,2401.79,PROMESADO,1D+1B,40.44,Armonía,Stock Armonía.xlsx,,,,,,,,,,,,,,,,,,,,,,,,,
ARMONÍA,DEPARTAMENTO,1502.0,1502.0,PROMESADO,CI,2025-11-11,,2025-12-03 00:00:00,,,,,,ORIENTE,1D+1B,8.08,32.0,40.08,2412.23,2680.255556,2714.182841,2721.07163,2734.954649,2741.949417,1502,2412.23,PROMESADO,1D+1B,40.08,Armonía,Stock Armonía.xlsx,,,,,,,,,,,,,,,,,,,,,,,,,
ARMONÍA,DEPARTAMENTO,1503.0,1503.0,PROMESADO,Activo Mas,2025-11-13,,2025-11-06 00:00:00,,,,,,ORIENTE,1.5D+1B,6.54,40.43,46.97,2514.54,2793.933333,2829.299578,2836.480541,2850.952381,2858.243819,1503,2514.54,PROMESADO,1.5D+1B,46.97,Armonía,Stock Armonía.xlsx,,,,,,,,,,,,,,,,,,,,,,,,,
ARMONÍA,DEPARTAMENTO,1504.0,1504.0,PROMESADO,BI,2025-09-25,,2025-10-21 00:00:00,Arrendado,2025-01-03,2026-01-02,360000.0,Vigente,ORIENTE,1.5D+1B,6.54,40.43,46.97,2514.54,2793.933333,2829.299578,2836.480541,2850.952381,2858.243819,1504,2514.54,PROMESADO,1.5D+1B,46.97,Armonía,Stock Armonía.xlsx,,,,,,,,,,,,,,,,,,,,,,,,,
ARMONÍA,DEPARTAMENTO,1505.0,1505.0,PROMESADO,TRIIVUS,2025-11-22,,,Arrendado,2024-12-01,2025-09-30,380000.0,Por Vencer,SURORIENTE,2D+2B,8.15,49.54,57.69,3027.14,3363.488889,3406.064698,3414.709532,3432.131519,3440.909349,1505,3027.14,PROMESADO,2D+2B,57.69,Armonía,Stock Armonía.xlsx,,,,,,,,,,,,,,,,,,,,,,,,,
ARMONÍA,DEPARTAMENTO,1506.0,1506.0,RESERVADO,INVIERTEPRO,2025-12-30,15.0,,Arrendado,2025-03-01,2026-02-28,385000.0,Vigente,SURPONIENTE,2D+2B,8.01,49.48,57.49,3005.6,3339.555556,3381.828411,3390.411732,3407.709751,3416.425121,1506,3005.6,RESERVADO,2D+2B,57.49,Armonía,Stock Armonía.xlsx,,,,,,,,,,,,,,,,,,,,,,,,,
ARMONÍA,DEPARTAMENTO,1507.0,1507.0,PROMESADO,,,,,,,,,,PONIENTE,1D+1B,8.08,32.0,40.08,2369.16,2632.4,2665.721519,2672.48731,2686.122449,2692.992327,1507,2369.16,PROMESADO,1D+1B,40.08,Armonía,Stock Armonía.xlsx,,,,,,,,,,,,,,,,,,,,,,,,,
ARMONÍA,DEPARTAMENTO,1508.0,1508.0,DISPONIBLE,,,,,Arrendado,2024-10-02,2025-10-01,285000.0,Por Vencer,PONIENTE,1D+1B,4.2,32.0,36.2,2283.01,2536.677778,2568.787623,2575.307389,2588.446712,2595.06678,1508,2283.01,DISPONIBLE,1D+1B,36.2,Armonía,Stock Armonía.xlsx,,,,,,,,,,,,,,,,,,,,,,,,,
ARMONÍA,DEPARTAMENTO,1509.0,1509.0,PROMESADO,,,,,,,,,,PONIENTE,1D+1B,4.2,32.0,36.2,2201.17,2445.744444,2476.703235,2482.989284,2495.657596,2502.040352,1509,2201.17,PROMESADO,1D+1B,36.2,Armonía,Stock Armonía.xlsx,,,,,,,,,,,,,,,,,,,,,,,,,
ARMONÍA,DEPARTAMENTO,1510.0,1510.0,PROMESADO,,,,,,,,,,SUR,1D+1B,4.34,32.0,36.34,2308.85,2565.388889,2597.862166,2604.455725,2617.743764,2624.438761,1510,2308.85,PROMESADO,1D+1B,36.34,Armonía,Stock Armonía.xlsx,,,,,,,,,,,,,,,,,,,,,,,,,
ARMONÍA,DEPARTAMENTO,1511.0,1511.0,PROMESADO,,,,,,,,,,SURPONIENTE,2D+2B,7.84,56.26,64.1,3003.31,3337.011111,3379.251758,3387.828539,3405.113379,3413.822109,1511,3003.31,PROMESADO,2D+2B,64.1,Armonía,Stock Armonía.xlsx,,,,,,,,,,,,,,,,,,,,,,,,,
ARMONÍA,DEPARTAMENTO,1512.0,1512.0,PROMESADO,,,,,,,,,,NORPONIENTE,2D+2B,7.84,56.26,64.1,3146.31,3495.9,3540.151899,3549.137056,3567.244898,3576.368286,1512,3146.31,PROMESADO,2D+2B,64.1,Armonía,Stock Armonía.xlsx,,,,,,,,,,,,,,,,,,,,,,,,,
ARMONÍA,DEPARTAMENTO,1513.0,1513.0,DISPONIBLE,,,,,Arrendado,2025-02-22,2026-02-21,360000.0,Vigente,NORTE,1.5D+1B,6.68,40.43,47.11,2514.54,2793.933333,2829.299578,2836.480541,2850.952381,2858.243819,1513,2514.54,DISPONIBLE,1.5D+1B,47.11,Armonía,Stock Armonía.xlsx,,,,,,,,,,,,,,,,,,,,,,,,,
ARMONÍA,DEPARTAMENTO,1514.0,1514.0,PROMESADO,,,,,,,,,,NORORIENTE,3D+2B,7.45,65.02,72.47,3802.66,4225.177778,4278.661041,4289.520587,4311.405896,4322.432509,1514,3802.66,PROMESADO,3D+2B,72.47,Armonía,Stock Armonía.xlsx,,,,,,,,,,,,,,,,,,,,,,,,,
ARMONÍA,DEPARTAMENTO,1601.0,1601.0,PROMESADO,,,,,,,,,,ORIENTE,1D+1B,8.08,32.36,40.44,2670.69,2967.433333,3004.995781,3012.622673,3027.993197,3035.737425,1601,2670.69,PROMESADO,1D+1B,40.44,Armonía,Stock Armonía.xlsx,,,,,,,,,,,,,,,,,,,,,,,,,
ARMONÍA,DEPARTAMENTO,1602.0,1602.0,PROMESADO,INOVO,2025-10-23,,2025-10-28 00:00:00,,,,,,ORIENTE,1D+1B,8.08,32.0,40.08,2423.0,2692.222222,2726.300985,2733.22053,2747.165533,2754.191532,1602,2423.0,PROMESADO,1D+1B,40.08,Armonía,Stock Armonía.xlsx,,,,,,,,,,,,,,,,,,,,,,,,,
ARMONÍA,DEPARTAMENTO,1603.0,1603.0,PROMESADO,INVER +,2025-11-24,,,,,,,,ORIENTE,1.5D+1B,6.54,40.43,46.97,2525.31,2805.9,2841.417722,2848.629442,2863.163265,2870.485934,1603,2525.31,PROMESADO,1.5D+1B,46.97,Armonía,Stock Armonía.xlsx,,,,,,,,,,,,,,,,,,,,,,,,,
ARMONÍA,DEPARTAMENTO,1604.0,1604.0,PROMESADO,AM,2025-10-23,,2025-11-06 00:00:00,,,,,,ORIENTE,1.5D+1B,6.54,40.43,46.97,2525.31,2805.9,2841.417722,2848.629442,2863.163265,2870.485934,1604,2525.31,PROMESADO,1.5D+1B,46.97,Armonía,Stock Armonía.xlsx,,,,,,,,,,,,,,,,,,,,,,,,,
ARMONÍA,DEPARTAMENTO,1605.0,1605.0,PROMESADO,,,,,,,,,,SURORIENTE,2D+2B,8.15,49.54,57.69,3339.22,3710.244444,3757.209564,3766.745629,3785.963719,3795.64649,1605,3339.22,PROMESADO,2D+2B,57.69,Armonía,Stock Armonía.xlsx,,,,,,,,,,,,,,,,,,,,,,,,,
ARMONÍA,DEPARTAMENTO,1606.0,1606.0,RESERVADO,CI,2026-01-02,12.0,,Arrendado,2025-04-28,2026-04-27,385000.0,Vigente,SURPONIENTE,2D+2B,8.01,49.48,57.49,3016.37,3351.522222,3393.946554,3402.560632,3419.920635,3428.667235,1606,3016.37,RESERVADO,2D+2B,57.49,Armonía,Stock Armonía.xlsx,,,,,,,,,,,,,,,,,,,,,,,,,
ARMONÍA,DEPARTAMENTO,1607.0,1607.0,DISPONIBLE,,,,,,,,,,PONIENTE,1D+1B,8.08,32.0,40.08,2379.93,2644.366667,2677.839662,2684.63621,2698.333333,2705.234442,1607,2379.93,DISPONIBLE,1D+1B,40.08,Armonía,Stock Armonía.xlsx,,,,,,,,,,,,,,,,,,,,,,,,,
ARMONÍA,DEPARTAMENTO,1608.0,1608.0,PROMESADO,,,,,,,,,,PONIENTE,1D+1B,4.2,32.0,36.2,2293.78,2548.644444,2580.905767,2587.456289,2600.657596,2607.308895,1608,2293.78,PROMESADO,1D+1B,36.2,Armonía,Stock Armonía.xlsx,,,,,,,,,,,,,,,,,,,,,,,,,
ARMONÍA,DEPARTAMENTO,1609.0,1609.0,DISPONIBLE,,,,,,,,,,PONIENTE,1D+1B,4.2,32.0,36.2,2293.78,2548.644444,2580.905767,2587.456289,2600.657596,2607.308895,1609,2293.78,DISPONIBLE,1D+1B,36.2,Armonía,Stock Armonía.xlsx,,,,,,,,,,,,,,,,,,,,,,,,,
ARMONÍA,DEPARTAMENTO,1610.0,1610.0,PROMESADO,AM,2025-10-16,,2025-10-17 00:00:00,,,,,,SUR,1D+1B,4.34,32.0,36.34,3007.52,3341.688889,3383.988748,3392.577552,3409.886621,3418.607559,1610,3007.52,PROMESADO,1D+1B,36.34,Armonía,Stock Armonía.xlsx,,,,,,,,,,,,,,,,,,,,,,,,,
ARMONÍA,DEPARTAMENTO,1611.0,1611.0,PROMESADO,,,,,,,,,,SURPONIENTE,2D+2B,7.84,56.26,64.1,3224.21,3582.455556,3627.803094,3637.010716,3655.566893,3664.916169,1611,3224.21,PROMESADO,2D+2B,64.1,Armonía,Stock Armonía.xlsx,,,,,,,,,,,,,,,,,,,,,,,,,
ARMONÍA,DEPARTAMENTO,1612.0,1612.0,PROMESADO,Inv +,2025-10-03,,2025-11-06 00:00:00,Arrendado,2024-09-07,2025-09-06,380000.0,Por Vencer,NORPONIENTE,2D+2B,7.84,56.26,64.1,3253.28,3614.755556,3660.511955,3669.802594,3688.526077,3697.959648,1612,3253.28,PROMESADO,2D+2B,64.1,Armonía,Stock Armonía.xlsx,,,,,,,,,,,,,,,,,,,,,,,,,
ARMONÍA,DEPARTAMENTO,1613.0,1613.0,PROMESADO,,,,,,,,,,NORTE,1.5D+1B,6.68,40.43,47.11,2525.31,2805.9,2841.417722,2848.629442,2863.163265,2870.485934,1613,2525.31,PROMESADO,1.5D+1B,47.11,Armonía,Stock Armonía.xlsx,,,,,,,,,,,,,,,,,,,,,,,,,
ARMONÍA,DEPARTAMENTO,1614.0,1614.0,RESERVADO,inviertepro,2026-01-07,7.0,,,,,,,NORORIENTE,3D+2B,7.45,65.02,72.47,3704.5,4116.111111,4168.213783,4178.793006,4200.113379,4210.855357,1614,3704.5,RESERVADO,3D+2B,72.47,Armonía,Stock Armonía.xlsx,,,,,,,,,,,,,,,,,,,,,,,,,
ARMONÍA,DEPARTAMENTO,1701.0,1701.0,PROMESADO,INOVO,2025-10-23,,2025-11-06 00:00:00,,,,,,ORIENTE,1D+1B,8.08,32.36,40.44,2433.77,2704.188889,2738.419128,2745.36943,2759.376417,2766.433646,1701,2433.77,PROMESADO,1D+1B,40.44,Armonía,Stock Armonía.xlsx,,,,,,,,,,,,,,,,,,,,,,,,,
ARMONÍA,DEPARTAMENTO,1702.0,1702.0,PROMESADO,CI,2025-11-12,,?,,,,,,ORIENTE,1D+1B,8.08,32.0,40.08,2433.77,2704.188889,2738.419128,2745.36943,2759.376417,2766.433646,1702,2433.77,PROMESADO,1D+1B,40.08,Armonía,Stock Armonía.xlsx,,,,,,,,,,,,,,,,,,,,,,,,,
ARMONÍA,DEPARTAMENTO,1703.0,1703.0,DISPONIBLE,,,,,Arrendado,2025-03-11,2026-03-10,360000.0,Vigente,ORIENTE,1.5D+1B,6.54,40.43,46.97,2536.08,2817.866667,2853.535865,2860.778342,2875.37415,2882.728048,1703,2536.08,DISPONIBLE,1.5D+1B,46.97,Armonía,Stock Armonía.xlsx,,,,,,,,,,,,,,,,,,,,,,,,,
ARMONÍA,DEPARTAMENTO,1704.0,1704.0,DISPONIBLE,,,,,,,,,,ORIENTE,1.5D+1B,6.54,40.43,46.97,2536.08,2817.866667,2853.535865,2860.778342,2875.37415,2882.728048,1704,2536.08,DISPONIBLE,1.5D+1B,46.97,Armonía,Stock Armonía.xlsx,,,,,,,,,,,,,,,,,,,,,,,,,
ARMONÍA,DEPARTAMENTO,1705.0,1705.0,PROMESADO,,,,,,,,,,SURORIENTE,2D+2B,8.15,49.54,57.69,3114.82,3460.911111,3504.720113,3513.615341,3531.54195,3540.574027,1705,3114.82,PROMESADO,2D+2B,57.69,Armonía,Stock Armonía.xlsx,,,,,,,,,,,,,,,,,,,,,,,,,
ARMONÍA,DEPARTAMENTO,1706.0,1706.0,DISPONIBLE,,,,,Arrendado,2024-10-01,2025-09-30,380000.0,Por Vencer,SURPONIENTE,2D+2B,8.01,49.48,57.49,3027.14,3363.488889,3406.064698,3414.709532,3432.131519,3440.909349,1706,3027.14,DISPONIBLE,2D+2B,57.49,Armonía,Stock Armonía.xlsx,,,,,,,,,,,,,,,,,,,,,,,,,
ARMONÍA,DEPARTAMENTO,1707.0,1707.0,DISPONIBLE,,,,,Arrendado,2024-09-06,2025-09-05,270000.0,Por Vencer,PONIENTE,1D+1B,8.08,32.0,40.08,2390.7,2656.333333,2689.957806,2696.78511,2710.544218,2717.476556,1707,2390.7,DISPONIBLE,1D+1B,40.08,Armonía,Stock Armonía.xlsx,,,,,,,,,,,,,,,,,,,,,,,,,
ARMONÍA,DEPARTAMENTO,1708.0,1708.0,DISPONIBLE,,,,,Arrendado,2024-10-01,2025-09-30,285000.0,Por Vencer,PONIENTE,1D+1B,4.2,32.0,36.2,2304.54,2560.6,2593.012658,2599.593909,2612.857143,2619.539642,1708,2304.54,DISPONIBLE,1D+1B,36.2,Armonía,Stock Armonía.xlsx,,,,,,,,,,,,,,,,,,,,,,,,,
ARMONÍA,DEPARTAMENTO,1709.0,1709.0,DISPONIBLE,,,,,,,,,,PONIENTE,1D+1B,4.2,32.0,36.2,2304.54,2560.6,2593.012658,2599.593909,2612.857143,2619.539642,1709,2304.54,DISPONIBLE,1D+1B,36.2,Armonía,Stock Armonía.xlsx,,,,,,,,,,,,,,,,,,,,,,,,,
ARMONÍA,DEPARTAMENTO,1710.0,1710.0,PROMESADO,AM,2025-10-27,,2025-10-28 00:00:00,,,,,,SUR,1D+1B,4.34,32.0,36.34,2277.62,2530.688889,2562.722925,2569.227298,2582.335601,2588.94004,1710,2277.62,PROMESADO,1D+1B,36.34,Armonía,Stock Armonía.xlsx,,,,,,,,,,,,,,,,,,,,,,,,,
ARMONÍA,DEPARTAMENTO,1711.0,1711.0,RESERVADO,CI,2025-12-03,42.0,,,,,,,SURPONIENTE,2D+2B,7.84,56.26,64.1,3213.44,3570.488889,3615.684951,3624.861816,3643.356009,3652.674055,1711,3213.44,RESERVADO,2D+2B,64.1,Armonía,Stock Armonía.xlsx,,,,,,,,,,,,,,,,,,,,,,,,,
ARMONÍA,DEPARTAMENTO,1712.0,1712.0,DISPONIBLE,,,,,Arrendado,2024-10-18,2025-10-17,380000.0,Por Vencer,NORPONIENTE,2D+2B,7.84,56.26,64.1,3269.44,3632.711111,3678.694796,3688.031585,3706.848073,3716.328502,1712,3269.44,DISPONIBLE,2D+2B,64.1,Armonía,Stock Armonía.xlsx,,,,,,,,,,,,,,,,,,,,,,,,,
ARMONÍA,DEPARTAMENTO,1713.0,1713.0,PROMESADO,AM,2025-10-28,,2025-12-08 00:00:00,,,,,,NORTE,1.5D+1B,6.68,40.43,47.11,2536.08,2817.866667,2853.535865,2860.778342,2875.37415,2882.728048,1713,2536.08,PROMESADO,1.5D+1B,47.11,Armonía,Stock Armonía.xlsx,,,,,,,,,,,,,,,,,,,,,,,,,
ARMONÍA,DEPARTAMENTO,1714.0,1714.0,PROMESADO,Inv+,2025-09-23,,2025-10-07 00:00:00,,,,,,NORORIENTE,3D+2B,7.45,65.02,72.47,4307.56,4786.177778,4846.762307,4859.063734,4883.854875,4896.345553,1714,4307.56,PROMESADO,3D+2B,72.47,Armonía,Stock Armonía.xlsx,,,,,,,,,,,,,,,,,,,,,,,,,
ARMONÍA,DEPARTAMENTO,1801.0,1801.0,PROMESADO,AM,2025-11-14,,2025-11-18 00:00:00,,,,,,ORIENTE,1D+1B,8.08,32.36,40.44,2444.54,2716.155556,2750.537271,2757.518331,2771.587302,2778.67576,1801,2444.54,PROMESADO,1D+1B,40.44,Armonía,Stock Armonía.xlsx,,,,,,,,,,,,,,,,,,,,,,,,,
ARMONÍA,DEPARTAMENTO,1802.0,1802.0,PROMESADO,AM,2025-11-14,,2025-11-18 00:00:00,,,,,,ORIENTE,1D+1B,8.08,32.0,40.08,2444.54,2716.155556,2750.537271,2757.518331,2771.587302,2778.67576,1802,2444.54,PROMESADO,1D+1B,40.08,Armonía,Stock Armonía.xlsx,,,,,,,,,,,,,,,,,,,,,,,,,
ARMONÍA,DEPARTAMENTO,1803.0,1803.0,RESERVADO,INVESTBROKER,2025-12-10,35.0,,,,,,,ORIENTE,1.5D+1B,6.54,40.43,46.97,2546.84,2829.822222,2865.642757,2872.915962,2887.573696,2894.958795,1803,2546.84,RESERVADO,1.5D+1B,46.97,Armonía,Stock Armonía.xlsx,,,,,,,,,,,,,,,,,,,,,,,,,
ARMONÍA,DEPARTAMENTO,1804.0,1804.0,DISPONIBLE,,,,,Arrendado,2025-01-18,2026-01-17,360000.0,Vigente,ORIENTE,1.5D+1B,6.54,40.43,46.97,2546.84,2829.822222,2865.642757,2872.915962,2887.573696,2894.958795,1804,2546.84,DISPONIBLE,1.5D+1B,46.97,Armonía,Stock Armonía.xlsx,,,,,,,,,,,,,,,,,,,,,,,,,
ARMONÍA,DEPARTAMENTO,1805.0,1805.0,PROMESADO,,,,,,,,,,SURORIENTE,2D+2B,8.15,49.54,57.69,3114.82,3460.911111,3504.720113,3513.615341,3531.54195,3540.574027,1805,3114.82,PROMESADO,2D+2B,57.69,Armonía,Stock Armonía.xlsx,,,,,,,,,,,,,,,,,,,,,,,,,
ARMONÍA,DEPARTAMENTO,1806.0,1806.0,RESERVADO,tentudepto,2025-12-30,15.0,,Arrendado,2025-05-01,2026-04-30,385000.0,Vigente,SURPONIENTE,2D+2B,8.01,49.48,57.49,3037.91,3375.455556,3418.182841,3426.858432,3444.342404,3453.151463,1806,3037.91,RESERVADO,2D+2B,57.49,Armonía,Stock Armonía.xlsx,,,,,,,,,,,,,,,,,,,,,,,,,
ARMONÍA,DEPARTAMENTO,1807.0,1807.0,PROMESADO,AM,2025-11-14,,2025-11-18 00:00:00,,,,,,PONIENTE,1D+1B,8.08,32.0,40.08,2401.46,2668.288889,2702.064698,2708.92273,2722.743764,2729.707303,1807,2401.46,PROMESADO,1D+1B,40.08,Armonía,Stock Armonía.xlsx,,,,,,,,,,,,,,,,,,,,,,,,,
ARMONÍA,DEPARTAMENTO,1808.0,1808.0,DISPONIBLE,,,,,,,,,,PONIENTE,1D+1B,4.2,32.0,36.2,2315.31,2572.566667,2605.130802,2611.742809,2625.068027,2631.781756,1808,2315.31,DISPONIBLE,1D+1B,36.2,Armonía,Stock Armonía.xlsx,,,,,,,,,,,,,,,,,,,,,,,,,
ARMONÍA,DEPARTAMENTO,1809.0,1809.0,PROMESADO,AM,2025-10-16,,2025-11-06 00:00:00,,,,,,PONIENTE,1D+1B,4.2,32.0,36.2,2315.31,2572.566667,2605.130802,2611.742809,2625.068027,2631.781756,1809,2315.31,PROMESADO,1D+1B,36.2,Armonía,Stock Armonía.xlsx,,,,,,,,,,,,,,,,,,,,,,,,,
ARMONÍA,DEPARTAMENTO,1810.0,1810.0,DISPONIBLE,,,,,,,,,,SUR,1D+1B,4.34,32.0,36.34,2288.39,2542.655556,2574.841069,2581.376199,2594.546485,2601.182154,1810,2288.39,DISPONIBLE,1D+1B,36.34,Armonía,Stock Armonía.xlsx,,,,,,,,,,,,,,,,,,,,,,,,,
ARMONÍA,DEPARTAMENTO,1811.0,1811.0,PROMESADO,,,,,,,,,,SURPONIENTE,2D+2B,7.84,56.26,64.1,3023.24,3359.155556,3401.676512,3410.310209,3427.709751,3436.476272,1811,3023.24,PROMESADO,2D+2B,64.1,Armonía,Stock Armonía.xlsx,,,,,,,,,,,,,,,,,,,,,,,,,
ARMONÍA,DEPARTAMENTO,1812.0,1812.0,PROMESADO,,,,,,,,,,NORPONIENTE,2D+2B,7.84,56.26,64.1,3287.47,3652.744444,3698.981716,3708.369994,3727.290249,3736.822961,1812,3287.47,PROMESADO,2D+2B,64.1,Armonía,Stock Armonía.xlsx,,,,,,,,,,,,,,,,,,,,,,,,,
ARMONÍA,DEPARTAMENTO,1813.0,1813.0,PROMESADO,AM,2025-10-28,,2025-12-08 00:00:00,,,,,,NORTE,1.5D+1B,,,,2546.84,2829.822222,2865.642757,2872.915962,2887.573696,2894.958795,1813,2546.84,PROMESADO,1.5D+1B,,Armonía,Stock Armonía.xlsx,,,,,,,,,,,,,,,,,,,,,,,,,
ARMONÍA,DEPARTAMENTO,1814.0,1814.0,DISPONIBLE,,,,Reserva enviada,,,,,NORORIENTE,NORORIENTE,3D+2B,,,,3736.81,4152.011111,4204.568214,4215.239707,4236.746032,4247.581699,1814,3736.81,DISPONIBLE,3D+2B,,Armonía,Stock Armonía.xlsx,,,,,,,,,,,,,,,,,,,,,,,,,
ARMONÍA,ESTACIONAMIENTO,1.0,1.0,DISPONIBLE,,,,,,,,,,,,,,,376.91,418.7888889,424.0900141,425.1663847,427.3356009,428.4285308,1,376.91,DISPONIBLE,,,Armonía,Stock Armonía.xlsx,,,,,,,,,,,,,,,,,,,,,,,,,
ARMONÍA,ESTACIONAMIENTO,2.0,2.0,DISPONIBLE,,,,,,,,,,,,,,,376.91,418.7888889,424.0900141,425.1663847,427.3356009,428.4285308,2,376.91,DISPONIBLE,,,Armonía,Stock Armonía.xlsx,,,,,,,,,,,,,,,,,,,,,,,,,
ARMONÍA,ESTACIONAMIENTO,3.0,3.0,DISPONIBLE,,,,,,,,,,,,,,,376.91,418.7888889,424.0900141,425.1663847,427.3356009,428.4285308,3,376.91,DISPONIBLE,,,Armonía,Stock Armonía.xlsx,,,,,,,,,,,,,,,,,,,,,,,,,
ARMONÍA,ESTACIONAMIENTO,7.0,7.0,DISPONIBLE,,,,,,,,,,,,,,,376.91,418.7888889,424.0900141,425.1663847,427.3356009,428.4285308,7,376.91,DISPONIBLE,,,Armonía,Stock Armonía.xlsx,,,,,,,,,,,,,,,,,,,,,,,,,
ARMONÍA,ESTACIONAMIENTO,11.0,11.0,DISPONIBLE,,,,,,,,,,,,,,,376.91,418.7888889,424.0900141,425.1663847,427.3356009,428.4285308,11,376.91,DISPONIBLE,,,Armonía,Stock Armonía.xlsx,,,,,,,,,,,,,,,,,,,,,,,,,
ARMONÍA,ESTACIONAMIENTO,12.0,12.0,DISPONIBLE,,,,,,,,,,,,,,,376.91,418.7888889,424.0900141,425.1663847,427.3356009,428.4285308,12,376.91,DISPONIBLE,,,Armonía,Stock Armonía.xlsx,,,,,,,,,,,,,,,,,,,,,,,,,
ARMONÍA,ESTACIONAMIENTO,19.0,14.0,DISPONIBLE,,,,,,,,,,,,,,,376.91,418.7888889,424.0900141,425.1663847,427.3356009,428.4285308,19,376.91,DISPONIBLE,,,Armonía,Stock Armonía.xlsx,,,,,,,,,,,,,,,,,,,,,,,,,
ARMONÍA,ESTACIONAMIENTO,15.0,15.0,DISPONIBLE,,,,,,,,,,,,,,,376.91,418.7888889,424.0900141,425.1663847,427.3356009,428.4285308,15,376.91,DISPONIBLE,,,Armonía,Stock Armonía.xlsx,,,,,,,,,,,,,,,,,,,,,,,,,
ARMONÍA,ESTACIONAMIENTO,21.0,19.0,DISPONIBLE,,,,,,,,,,,,,,,376.91,418.7888889,424.0900141,425.1663847,427.3356009,428.4285308,21,376.91,DISPONIBLE,,,Armonía,Stock Armonía.xlsx,,,,,,,,,,,,,,,,,,,,,,,,,
ARMONÍA,ESTACIONAMIENTO,24.0,21.0,DISPONIBLE,,,,,,,,,,,,,,,376.91,418.7888889,424.0900141,425.1663847,427.3356009,428.4285308,24,376.91,DISPONIBLE,,,Armonía,Stock Armonía.xlsx,,,,,,,,,,,,,,,,,,,,,,,,,
ARMONÍA,ESTACIONAMIENTO,26.0,23.0,DISPONIBLE,,,,,,,,,,,,,,,376.91,418.7888889,424.0900141,425.1663847,427.3356009,428.4285308,26,376.91,DISPONIBLE,,,Armonía,Stock Armonía.xlsx,,,,,,,,,,,,,,,,,,,,,,,,,
ARMONÍA,ESTACIONAMIENTO,27.0,24.0,DISPONIBLE,,,,,,,,,,,,,,,376.91,418.7888889,424.0900141,425.1663847,427.3356009,428.4285308,27,376.91,DISPONIBLE,,,Armonía,Stock Armonía.xlsx,,,,,,,,,,,,,,,,,,,,,,,,,
ARMONÍA,ESTACIONAMIENTO,28.0,26.0,DISPONIBLE,,,,,,,,,,,,,,,376.91,418.7888889,424.0900141,425.1663847,427.3356009,428.4285308,28,376.91,DISPONIBLE,,,Armonía,Stock Armonía.xlsx,,,,,,,,,,,,,,,,,,,,,,,,,
ARMONÍA,ESTACIONAMIENTO,29.0,27.0,DISPONIBLE,,,,,,,,,,,,,,,376.91,418.7888889,424.0900141,425.1663847,427.3356009,428.4285308,29,376.91,DISPONIBLE,,,Armonía,Stock Armonía.xlsx,,,,,,,,,,,,,,,,,,,,,,,,,
ARMONÍA,ESTACIONAMIENTO,31.0,28.0,DISPONIBLE,,,,,,,,,,,,,,,376.91,418.7888889,424.0900141,425.1663847,427.3356009,428.4285308,31,376.91,DISPONIBLE,,,Armonía,Stock Armonía.xlsx,,,,,,,,,,,,,,,,,,,,,,,,,
ARMONÍA,ESTACIONAMIENTO,32.0,29.0,DISPONIBLE,,,,,,,,,,,,,,,376.91,418.7888889,424.0900141,425.1663847,427.3356009,428.4285308,32,376.91,DISPONIBLE,,,Armonía,Stock Armonía.xlsx,,,,,,,,,,,,,,,,,,,,,,,,,
ARMONÍA,ESTACIONAMIENTO,33.0,31.0,DISPONIBLE,,,,,,,,,,,,,,,376.91,418.7888889,424.0900141,425.1663847,427.3356009,428.4285308,33,376.91,DISPONIBLE,,,Armonía,Stock Armonía.xlsx,,,,,,,,,,,,,,,,,,,,,,,,,
ARMONÍA,ESTACIONAMIENTO,34.0,32.0,DISPONIBLE,,,,,,,,,,,,,,,376.91,418.7888889,424.0900141,425.1663847,427.3356009,428.4285308,34,376.91,DISPONIBLE,,,Armonía,Stock Armonía.xlsx,,,,,,,,,,,,,,,,,,,,,,,,,
ARMONÍA,ESTACIONAMIENTO,38.0,34.0,REVISIÓN,,,,,,,,,,,,,,,376.91,418.7888889,424.0900141,425.1663847,427.3356009,428.4285308,38,376.91,REVISIÓN,,,Armonía,Stock Armonía.xlsx,,,,,,,,,,,,,,,,,,,,,,,,,
ARMONÍA,ESTACIONAMIENTO,39.0,38.0,DISPONIBLE,,,,,,,,,,,,,,,376.91,418.7888889,424.0900141,425.1663847,427.3356009,428.4285308,39,376.91,DISPONIBLE,,,Armonía,Stock Armonía.xlsx,,,,,,,,,,,,,,,,,,,,,,,,,
ARMONÍA,ESTACIONAMIENTO,40.0,39.0,DISPONIBLE,,,,,,,,,,,,,,,376.91,418.7888889,424.0900141,425.1663847,427.3356009,428.4285308,40,376.91,DISPONIBLE,,,Armonía,Stock Armonía.xlsx,,,,,,,,,,,,,,,,,,,,,,,,,
ARMONÍA,ESTACIONAMIENTO,42.0,40.0,DISPONIBLE,,,,,,,,,,,,,,,376.91,418.7888889,424.0900141,425.1663847,427.3356009,428.4285308,42,376.91,DISPONIBLE,,,Armonía,Stock Armonía.xlsx,,,,,,,,,,,,,,,,,,,,,,,,,
ARMONÍA,ESTACIONAMIENTO,44.0,42.0,DISPONIBLE,,,,,,,,,,,,,,,376.91,418.7888889,424.0900141,425.1663847,427.3356009,428.4285308,44,376.91,DISPONIBLE,,,Armonía,Stock Armonía.xlsx,,,,,,,,,,,,,,,,,,,,,,,,,
ARMONÍA,ESTACIONAMIENTO,45.0,44.0,REVISIÓN,,,,,,,,,,,,,,,376.91,418.7888889,424.0900141,425.1663847,427.3356009,428.4285308,45,376.91,REVISIÓN,,,Armonía,Stock Armonía.xlsx,,,,,,,,,,,,,,,,,,,,,,,,,
ARMONÍA,ESTACIONAMIENTO,46.0,45.0,DISPONIBLE,,,,,,,,,,,,,,,376.91,418.7888889,424.0900141,425.1663847,427.3356009,428.4285308,46,376.91,DISPONIBLE,,,Armonía,Stock Armonía.xlsx,,,,,,,,,,,,,,,,,,,,,,,,,
ARMONÍA,ESTACIONAMIENTO,47.0,46.0,DISPONIBLE,,,,,,,,,,,,,,,376.91,418.7888889,424.0900141,425.1663847,427.3356009,428.4285308,47,376.91,DISPONIBLE,,,Armonía,Stock Armonía.xlsx,,,,,,,,,,,,,,,,,,,,,,,,,
ARMONÍA,ESTACIONAMIENTO,48.0,47.0,DISPONIBLE,,,,,,,,,,,,,,,376.91,418.7888889,424.0900141,425.1663847,427.3356009,428.4285308,48,376.91,DISPONIBLE,,,Armonía,Stock Armonía.xlsx,,,,,,,,,,,,,,,,,,,,,,,,,
ARMONÍA,ESTACIONAMIENTO,49.0,48.0,DISPONIBLE,,,,,,,,,,,,,,,376.91,418.7888889,424.0900141,425.1663847,427.3356009,428.4285308,49,376.91,DISPONIBLE,,,Armonía,Stock Armonía.xlsx,,,,,,,,,,,,,,,,,,,,,,,,,
ARMONÍA,ESTACIONAMIENTO,53.0,49.0,DISPONIBLE,,,,,,,,,,,,,,,376.91,418.7888889,424.0900141,425.1663847,427.3356009,428.4285308,53,376.91,DISPONIBLE,,,Armonía,Stock Armonía.xlsx,,,,,,,,,,,,,,,,,,,,,,,,,
ARMONÍA,ESTACIONAMIENTO,70.0,51.0,DISPONIBLE,,,,,,,,,,,,,,,376.91,418.7888889,424.0900141,425.1663847,427.3356009,428.4285308,70,376.91,DISPONIBLE,,,Armonía,Stock Armonía.xlsx,,,,,,,,,,,,,,,,,,,,,,,,,
ARMONÍA,ESTACIONAMIENTO,71.0,61.0,REVISIÓN,,,,,,,,,,,,,,,376.91,418.7888889,424.0900141,425.1663847,427.3356009,428.4285308,71,376.91,REVISIÓN,,,Armonía,Stock Armonía.xlsx,,,,,,,,,,,,,,,,,,,,,,,,,
ARMONÍA,ESTACIONAMIENTO,74.0,70.0,REVISIÓN,,,,,,,,,,,,,,,376.91,418.7888889,424.0900141,425.1663847,427.3356009,428.4285308,74,376.91,REVISIÓN,,,Armonía,Stock Armonía.xlsx,,,,,,,,,,,,,,,,,,,,,,,,,
ARMONÍA,ESTACIONAMIENTO,91.0,71.0,DISPONIBLE,,,,,,,,,,,,,,,376.91,418.7888889,424.0900141,425.1663847,427.3356009,428.4285308,91,376.91,DISPONIBLE,,,Armonía,Stock Armonía.xlsx,,,,,,,,,,,,,,,,,,,,,,,,,
ARMONÍA,ESTACIONAMIENTO,107.0,91.0,DISPONIBLE,,,,,,,,,,,,,,,376.91,418.7888889,424.0900141,425.1663847,427.3356009,428.4285308,107,376.91,DISPONIBLE,,,Armonía,Stock Armonía.xlsx,,,,,,,,,,,,,,,,,,,,,,,,,
ARMONÍA,ESTACIONAMIENTO,108.0,99.0,REVISIÓN,,,,,,,,,,,,,,,376.91,418.7888889,424.0900141,425.1663847,427.3356009,428.4285308,108,376.91,REVISIÓN,,,Armonía,Stock Armonía.xlsx,,,,,,,,,,,,,,,,,,,,,,,,,
ARMONÍA,BODEGA,9.0,10.0,DISPONIBLE,,,,,,,,,,,,,,,91.54,101.7111111,102.9985935,103.2600113,103.7868481,104.0522876,9,91.54,DISPONIBLE,,,Armonía,Stock Armonía.xlsx,,,,,,,,,,,,,,,,,,,,,,,,,
ARMONÍA,BODEGA,10.0,14.0,DISPONIBLE,,,,,,,,,,,,,,,91.54,101.7111111,102.9985935,103.2600113,103.7868481,104.0522876,10,91.54,DISPONIBLE,,,Armonía,Stock Armonía.xlsx,,,,,,,,,,,,,,,,,,,,,,,,,
ARMONÍA,BODEGA,14.0,15.0,DISPONIBLE,,,,,,,,,,,,,,,91.54,101.7111111,102.9985935,103.2600113,103.7868481,104.0522876,14,91.54,DISPONIBLE,,,Armonía,Stock Armonía.xlsx,,,,,,,,,,,,,,,,,,,,,,,,,
ARMONÍA,BODEGA,15.0,18.0,DISPONIBLE,,,,,,,,,,,,,,,91.54,101.7111111,102.9985935,103.2600113,103.7868481,104.0522876,15,91.54,DISPONIBLE,,,Armonía,Stock Armonía.xlsx,,,,,,,,,,,,,,,,,,,,,,,,,
ARMONÍA,BODEGA,18.0,19.0,DISPONIBLE,,,,,,,,,,,,,,,91.54,101.7111111,102.9985935,103.2600113,103.7868481,104.0522876,18,91.54,DISPONIBLE,,,Armonía,Stock Armonía.xlsx,,,,,,,,,,,,,,,,,,,,,,,,,
ARMONÍA,BODEGA,19.0,21.0,DISPONIBLE,,,,,,,,,,,,,,,91.54,101.7111111,102.9985935,103.2600113,103.7868481,104.0522876,19,91.54,DISPONIBLE,,,Armonía,Stock Armonía.xlsx,,,,,,,,,,,,,,,,,,,,,,,,,
ARMONÍA,BODEGA,21.0,22.0,DISPONIBLE,,,,,,,,,,,,,,,91.54,101.7111111,102.9985935,103.2600113,103.7868481,104.0522876,21,91.54,DISPONIBLE,,,Armonía,Stock Armonía.xlsx,,,,,,,,,,,,,,,,,,,,,,,,,
ARMONÍA,BODEGA,22.0,23.0,DISPONIBLE,,,,,,,,,,,,,,,91.54,101.7111111,102.9985935,103.2600113,103.7868481,104.0522876,22,91.54,DISPONIBLE,,,Armonía,Stock Armonía.xlsx,,,,,,,,,,,,,,,,,,,,,,,,,
ARMONÍA,BODEGA,24.0,24.0,DISPONIBLE,,,,,,,,,,,,,,,91.54,101.7111111,102.9985935,103.2600113,103.7868481,104.0522876,24,91.54,DISPONIBLE,,,Armonía,Stock Armonía.xlsx,,,,,,,,,,,,,,,,,,,,,,,,,
ARMONÍA,BODEGA,25.0,25.0,DISPONIBLE,,,,,,,,,,,,,,,91.54,101.7111111,102.9985935,103.2600113,103.7868481,104.0522876,25,91.54,DISPONIBLE,,,Armonía,Stock Armonía.xlsx,,,,,,,,,,,,,,,,,,,,,,,,,
ARMONÍA,BODEGA,26.0,26.0,DISPONIBLE,,,,,,,,,,,,,,,91.5400000000001,101.7111111,102.9985935,103.2600113,103.7868481,104.0522876,26,91.5400000000001,DISPONIBLE,,,Armonía,Stock Armonía.xlsx,,,,,,,,,,,,,,,,,,,,,,,,,
ARMONÍA,BODEGA,27.0,27.0,DISPONIBLE,,,,,,,,,,,,,,,91.5400000000001,101.7111111,102.9985935,103.2600113,103.7868481,104.0522876,27,91.5400000000001,DISPONIBLE,,,Armonía,Stock Armonía.xlsx,,,,,,,,,,,,,,,,,,,,,,,,,
ARMONÍA,BODEGA,29.0,29.0,DISPONIBLE,,,,,,,,,,,,,,,91.5400000000001,101.7111111,102.9985935,103.2600113,103.7868481,104.0522876,29,91.5400000000001,DISPONIBLE,,,Armonía,Stock Armonía.xlsx,,,,,,,,,,,,,,,,,,,,,,,,,
ARMONÍA,BODEGA,31.0,31.0,DISPONIBLE,,,,,,,,,,,,,,,91.5400000000001,101.7111111,102.9985935,103.2600113,103.7868481,104.0522876,31,91.5400000000001,DISPONIBLE,,,Armonía,Stock Armonía.xlsx,,,,,,,,,,,,,,,,,,,,,,,,,
ARMONÍA,BODEGA,32.0,32.0,DISPONIBLE,,,,,,,,,,,,,,,91.5400000000001,101.7111111,102.9985935,103.2600113,103.7868481,104.0522876,32,91.5400000000001,DISPONIBLE,,,Armonía,Stock Armonía.xlsx,,,,,,,,,,,,,,,,,,,,,,,,,
ARMONÍA,BODEGA,33.0,33.0,DISPONIBLE,,,,,,,,,,,,,,,91.5400000000001,101.7111111,102.9985935,103.2600113,103.7868481,104.0522876,33,91.5400000000001,DISPONIBLE,,,Armonía,Stock Armonía.xlsx,,,,,,,,,,,,,,,,,,,,,,,,,
ARMONÍA,BODEGA,34.0,34.0,DISPONIBLE,,,,,,,,,,,,,,,91.5400000000002,101.7111111,102.9985935,103.2600113,103.7868481,104.0522876,34,91.5400000000002,DISPONIBLE,,,Armonía,Stock Armonía.xlsx,,,,,,,,,,,,,,,,,,,,,,,,,
ARMONÍA,BODEGA,35.0,35.0,DISPONIBLE,,,,,,,,,,,,,,,91.5400000000002,101.7111111,102.9985935,103.2600113,103.7868481,104.0522876,35,91.5400000000002,DISPONIBLE,,,Armonía,Stock Armonía.xlsx,,,,,,,,,,,,,,,,,,,,,,,,,
ARMONÍA,BODEGA,37.0,37.0,DISPONIBLE,,,,,,,,,,,,,,,91.5400000000002,101.7111111,102.9985935,103.2600113,103.7868481,104.0522876,37,91.5400000000002,DISPONIBLE,,,Armonía,Stock Armonía.xlsx,,,,,,,,,,,,,,,,,,,,,,,,,
ARMONÍA,BODEGA,38.0,38.0,DISPONIBLE,,,,,,,,,,,,,,,91.5400000000002,101.7111111,102.9985935,103.2600113,103.7868481,104.0522876,38,91.5400000000002,DISPONIBLE,,,Armonía,Stock Armonía.xlsx,,,,,,,,,,,,,,,,,,,,,,,,,
ARMONÍA,BODEGA,39.0,39.0,DISPONIBLE,,,,,,,,,,,,,,,91.5400000000002,101.7111111,102.9985935,103.2600113,103.7868481,104.0522876,39,91.5400000000002,DISPONIBLE,,,Armonía,Stock Armonía.xlsx,,,,,,,,,,,,,,,,,,,,,,,,,
ARMONÍA,BODEGA,40.0,40.0,DISPONIBLE,,,,,,,,,,,,,,,91.5400000000002,101.7111111,102.9985935,103.2600113,103.7868481,104.0522876,40,91.5400000000002,DISPONIBLE,,,Armonía,Stock Armonía.xlsx,,,,,,,,,,,,,,,,,,,,,,,,,
ARMONÍA,BODEGA,41.0,41.0,DISPONIBLE,,,,,,,,,,,,,,,91.5400000000002,101.7111111,102.9985935,103.2600113,103.7868481,104.0522876,41,91.5400000000002,DISPONIBLE,,,Armonía,Stock Armonía.xlsx,,,,,,,,,,,,,,,,,,,,,,,,,
ARMONÍA,BODEGA,42.0,42.0,DISPONIBLE,,,,,,,,,,,,,,,91.5400000000002,101.7111111,102.9985935,103.2600113,103.7868481,104.0522876,42,91.5400000000002,DISPONIBLE,,,Armonía,Stock Armonía.xlsx,,,,,,,,,,,,,,,,,,,,,,,,,
ARMONÍA,BODEGA,43.0,43.0,DISPONIBLE,,,,,,,,,,,,,,,91.5400000000002,101.7111111,102.9985935,103.2600113,103.7868481,104.0522876,43,91.5400000000002,DISPONIBLE,,,Armonía,Stock Armonía.xlsx,,,,,,,,,,,,,,,,,,,,,,,,,
ARMONÍA,BODEGA,44.0,44.0,DISPONIBLE,,,,,,,,,,,,,,,91.5400000000002,101.7111111,102.9985935,103.2600113,103.7868481,104.0522876,44,91.5400000000002,DISPONIBLE,,,Armonía,Stock Armonía.xlsx,,,,,,,,,,,,,,,,,,,,,,,,,
ARMONÍA,BODEGA,45.0,45.0,DISPONIBLE,,,,,,,,,,,,,,,91.5400000000002,101.7111111,102.9985935,103.2600113,103.7868481,104.0522876,45,91.5400000000002,DISPONIBLE,,,Armonía,Stock Armonía.xlsx,,,,,,,,,,,,,,,,,,,,,,,,,
ARMONÍA,BODEGA,46.0,46.0,DISPONIBLE,,,,,,,,,,,,,,,91.5400000000003,101.7111111,102.9985935,103.2600113,103.7868481,104.0522876,46,91.5400000000003,DISPONIBLE,,,Armonía,Stock Armonía.xlsx,,,,,,,,,,,,,,,,,,,,,,,,,
ARMONÍA,BODEGA,49.0,48.0,DISPONIBLE,,,,,,,,,,,,,,,91.5400000000003,101.7111111,102.9985935,103.2600113,103.7868481,104.0522876,49,91.5400000000003,DISPONIBLE,,,Armonía,Stock Armonía.xlsx,,,,,,,,,,,,,,,,,,,,,,,,,
ARMONÍA,BODEGA,50.0,49.0,DISPONIBLE,,,,,,,,,,,,,,,91.5400000000003,101.7111111,102.9985935,103.2600113,103.7868481,104.0522876,50,91.5400000000003,DISPONIBLE,,,Armonía,Stock Armonía.xlsx,,,,,,,,,,,,,,,,,,,,,,,,,
ARMONÍA,BODEGA,51.0,50.0,DISPONIBLE,,,,,,,,,,,,,,,91.5400000000003,101.7111111,102.9985935,103.2600113,103.7868481,104.0522876,51,91.5400000000003,DISPONIBLE,,,Armonía,Stock Armonía.xlsx,,,,,,,,,,,,,,,,,,,,,,,,,
ARMONÍA,BODEGA,57.0,51.0,DISPONIBLE,,,,,,,,,,,,,,,91.5400000000002,101.7111111,102.9985935,103.2600113,103.7868481,104.0522876,57,91.5400000000002,DISPONIBLE,,,Armonía,Stock Armonía.xlsx,,,,,,,,,,,,,,,,,,,,,,,,,
ARMONÍA,BODEGA,59.0,57.0,DISPONIBLE,,,,,,,,,,,,,,,91.5400000000002,101.7111111,102.9985935,103.2600113,103.7868481,104.0522876,59,91.5400000000002,DISPONIBLE,,,Armonía,Stock Armonía.xlsx,,,,,,,,,,,,,,,,,,,,,,,,,
ARMONÍA,BODEGA,60.0,59.0,DISPONIBLE,,,,,,,,,,,,,,,91.5400000000002,101.7111111,102.9985935,103.2600113,103.7868481,104.0522876,60,91.5400000000002,DISPONIBLE,,,Armonía,Stock Armonía.xlsx,,,,,,,,,,,,,,,,,,,,,,,,,
ARMONÍA,BODEGA,62.0,60.0,DISPONIBLE,,,,,,,,,,,,,,,91.5400000000002,101.7111111,102.9985935,103.2600113,103.7868481,104.0522876,62,91.5400000000002,DISPONIBLE,,,Armonía,Stock Armonía.xlsx,,,,,,,,,,,,,,,,,,,,,,,,,
ARMONÍA,BODEGA,63.0,62.0,DISPONIBLE,,,,,,,,,,,,,,,91.5400000000002,101.7111111,102.9985935,103.2600113,103.7868481,104.0522876,63,91.5400000000002,DISPONIBLE,,,Armonía,Stock Armonía.xlsx,,,,,,,,,,,,,,,,,,,,,,,,,
ARMONÍA,BODEGA,64.0,63.0,DISPONIBLE,,,,,,,,,,,,,,,91.5400000000002,101.7111111,102.9985935,103.2600113,103.7868481,104.0522876,64,91.5400000000002,DISPONIBLE,,,Armonía,Stock Armonía.xlsx,,,,,,,,,,,,,,,,,,,,,,,,,
ARMONÍA,BODEGA,65.0,64.0,DISPONIBLE,,,,,,,,,,,,,,,91.5400000000002,101.7111111,102.9985935,103.2600113,103.7868481,104.0522876,65,91.5400000000002,DISPONIBLE,,,Armonía,Stock Armonía.xlsx,,,,,,,,,,,,,,,,,,,,,,,,,
ARMONÍA,BODEGA,66.0,65.0,DISPONIBLE,,,,,,,,,,,,,,,91.5400000000002,101.7111111,102.9985935,103.2600113,103.7868481,104.0522876,66,91.5400000000002,DISPONIBLE,,,Armonía,Stock Armonía.xlsx,,,,,,,,,,,,,,,,,,,,,,,,,
ARMONÍA,BODEGA,67.0,66.0,DISPONIBLE,,,,,,,,,,,,,,,91.5400000000002,101.7111111,102.9985935,103.2600113,103.7868481,104.0522876,67,91.5400000000002,DISPONIBLE,,,Armonía,Stock Armonía.xlsx,,,,,,,,,,,,,,,,,,,,,,,,,
ARMONÍA,BODEGA,80.0,67.0,REVISIÓN,,,,,,,,,,,,,,,91.5400000000002,101.7111111,102.9985935,103.2600113,103.7868481,104.0522876,80,91.5400000000002,REVISIÓN,,,Armonía,Stock Armonía.xlsx,,,,,,,,,,,,,,,,,,,,,,,,,
ARMONÍA,BODEGA,83.0,83.0,DISPONIBLE,,,,,,,,,,,,,,,91.5400000000002,101.7111111,102.9985935,103.2600113,103.7868481,104.0522876,83,91.5400000000002,DISPONIBLE,,,Armonía,Stock Armonía.xlsx,,,,,,,,,,,,,,,,,,,,,,,,,
ARMONÍA,BODEGA,84.0,84.0,DISPONIBLE,,,,,,,,,,,,,,,91.5400000000002,101.7111111,102.9985935,103.2600113,103.7868481,104.0522876,84,91.5400000000002,DISPONIBLE,,,Armonía,Stock Armonía.xlsx,,,,,,,,,,,,,,,,,,,,,,,,,
,,,,,,,,,,,,,,,,,,,,,,,,,605,3453.0,Reservado,B,39,Parque Mackenna,Stock Parque Mackenna.xlsx,,605,B,1D-1B,ORIENTE,30,9.0,39,3453,Reservado,Obligatorio Bodega,,,,,,,,,,,,,,
,,,,,,,,,,,,,,,,,,,,,,,,,608,3206.0,Disponible,C,33.23,Parque Mackenna,Stock Parque Mackenna.xlsx,,608,C,Studio,PONIENTE,2024-07-25 00:00:00,8.16,33.23,3206,Disponible,Obligatorio Bodega,,,,,,,,,,,,,,
,,,,,,,,,,,,,,,,,,,,,,,,,1313,5160.0,Reservado,A,55,Parque Mackenna,Stock Parque Mackenna.xlsx,,1313,A,2D - 2B,NORORIENTE,45,10.0,55,5160,Reservado,Obligatorio Bodega,,,,,,,,,,,,,,
,,,,,,,,,,,,,,,,,,,,,,,,,1608,3393.0,Reservado,C,33.23,Parque Mackenna,Stock Parque Mackenna.xlsx,,1608,C,Studio,PONIENTE,2024-07-25 00:00:00,8.16,33.23,3393,Reservado,Obligatorio Bodega,,,,,,,,,,,,,,
,,,,,,,,,,,,,,,,,,,,,,,,,1802,4810.0,Disponible,A,55,Parque Mackenna,Stock Parque Mackenna.xlsx,,1802,A,2D - 2B,SURPONIENTE,45,10.0,55,4810,Disponible,Obligatorio Bodega,,,,,,,,,,,,,,
,,,,,,,,,,,,,,,,,,,,,,,,,1814,5295.0,Reservado,A,55,Parque Mackenna,Stock Parque Mackenna.xlsx,,1814,A,2D - 2B,NORPONIENTE,45,10.0,55,5295,Reservado,Obligatorio Bodega,,,,,,,,,,,,,,
,,,,,,,,,,,,,,,,,,,,,,,,,2207,3549.0,Disponible,C,33.23,Parque Mackenna,Stock Parque Mackenna.xlsx,,2207,C,Studio,PONIENTE,2024-07-25 00:00:00,8.16,33.23,3549,Disponible,Obligatorio Bodega,,,,,,,,,,,,,,
,,,,,,,,,,,,,,,,,,,,,,,,,2208,3483.0,Reservado,C,33.23,Parque Mackenna,Stock Parque Mackenna.xlsx,,2208,C,Studio,PONIENTE,2024-07-25 00:00:00,8.16,33.23,3483,Reservado,Obligatorio Bodega,,,,,,,,,,,,,,
,,,,,,,,,,,,,,,,,,,,,,,,,2306,3874.0,Disponible,B,39,Parque Mackenna,Stock Parque Mackenna.xlsx,,2306,B,1D-1B,PONIENTE,30,9.0,39,3874,Disponible,Obligatorio Bodega,,,,,,,,,,,,,,
,,,,,,,,,,,,,,,,,,,,,,,,,2308,3576.0,Reservado,C,33.23,Parque Mackenna,Stock Parque Mackenna.xlsx,,2308,C,Studio,PONIENTE,2024-07-25 00:00:00,8.16,33.23,3576,Reservado,Obligatorio Bodega,,,,,,,,,,,,,,
,,,,,,,,,,,,,,,,,,,,,,,,, ESTACIONAMIENTOS TORRE 1,0.0,,, BODEGAS TORRE 1 - 2,Parque Mackenna,Stock Parque Mackenna.xlsx,, ESTACIONAMIENTOS TORRE 1,,,,,, BODEGAS TORRE 1 - 2,,,,,,,,,,,,,,,,,
,,,,,,,,,,,,,,,,,,,,,,,,,Numero,0.0,Asociado,Piso,Numero,Parque Mackenna,Stock Parque Mackenna.xlsx,,Numero,Piso,Asociado,Precio Con Bono Pie 15%,Estado,,Numero,Piso,Asociado,Precio Con Bono Pie 15%,Estado,,,,,,,,,,,,,
,,,,,,,,,,,,,,,,,,,,,,,,,E1B06,-1.0,-,-1,B1B15,Parque Mackenna,Stock Parque Mackenna.xlsx,,E1B06,-1,-,453,Reservado,,B1B15,-1,-,64,DISPONIBLE,TORRE 1,,,,,,,,,,,,
,,,,,,,,,,,,,,,,,,,,,,,,, ESTACIONAMIENTOS TORRE 5-6,0.0,,,,Parque Mackenna,Stock Parque Mackenna.xlsx,, ESTACIONAMIENTOS TORRE 5-6,,,,,,,,,,,,,,,,,,,,,,,
,,,,,,,,,,,,,,,,,,,,,,,,,Numero,0.0,,Piso,,Parque Mackenna,Stock Parque Mackenna.xlsx,,Numero,Piso,Precio Con Bono Pie 15%,Estado,,,,,,,,,,,,,,,,,,,,
,,,,,,,,,,,,,,,,,,,,,,,,,E2E02 - torre 6,0.0,,-2,,Parque Mackenna,Stock Parque Mackenna.xlsx,,E2E02 - torre 6,-2,431,Disponible,,,,,,,,,,,,,,,,,,,,
,,,,,,,,,,,,,,,,,,,,,,,,,E2E06 - torre 6,0.0,,-2,,Parque Mackenna,Stock Parque Mackenna.xlsx,,E2E06 - torre 6,-2,431,Disponible,,,,,,,,,,,,,,,,,,,,
,,,,,,,,,,,,,,,,,,,,,,,,,E2E07 - torre 6,0.0,,-2,,Parque Mackenna,Stock Parque Mackenna.xlsx,,E2E07 - torre 6,-2,431,Disponible,,,,,,,,,,,,,,,,,,,,
,,,,,,,,,,,,,,,,,,,,,,,,,E2E08 - torre 6,0.0,,-2,,Parque Mackenna,Stock Parque Mackenna.xlsx,,E2E08 - torre 6,-2,431,Disponible,,,,,,,,,,,,,,,,,,,,
,,,,,,,,,,,,,,,,,,,,,,,,,E2E11 - torre 6,0.0,,-2,,Parque Mackenna,Stock Parque Mackenna.xlsx,,E2E11 - torre 6,-2,431,Disponible,,,,,,,,,,,,,,,,,,,,
,,,,,,,,,,,,,,,,,,,,,,,,,E2E12 - torre 6,0.0,,-2,,Parque Mackenna,Stock Parque Mackenna.xlsx,,E2E12 - torre 6,-2,431,Disponible,,,,,,,,,,,,,,,,,,,,
,,,,,,,,,,,,,,,,,,,,,,,,,E2E13 - torre 6,0.0,,-2,,Parque Mackenna,Stock Parque Mackenna.xlsx,,E2E13 - torre 6,-2,431,Disponible,,,,,,,,,,,,,,,,,,,,
,,,,,,,,,,,,,,,,,,,,,,,,,E2E14 - torre 6,0.0,,-2,,Parque Mackenna,Stock Parque Mackenna.xlsx,,E2E14 - torre 6,-2,431,Disponible,,,,,,,,,,,,,,,,,,,,
,,,,,,,,,,,,,,,,,,,,,,,,,E2E16 - torre 6,0.0,,-2,,Parque Mackenna,Stock Parque Mackenna.xlsx,,E2E16 - torre 6,-2,431,Disponible,,,,,,,,,,,,,,,,,,,,
,,,,,,,,,,,,,,,,,,,,,,,,,E1E03 - torre 6,0.0,,-1,,Parque Mackenna,Stock Parque Mackenna.xlsx,,E1E03 - torre 6,-1,453,Disponible,,,,,,,,,,,,,,,,,,,,
,,,,,,,,,,,,,,,,,,,,,,,,,E1E05 - torre 6,0.0,,-1,,Parque Mackenna,Stock Parque Mackenna.xlsx,,E1E05 - torre 6,-1,453,Disponible,,,,,,,,,,,,,,,,,,,,
,,,,,,,,,,,,,,,,,,,,,,,,,E1E06 - torre 6,0.0,,-1,,Parque Mackenna,Stock Parque Mackenna.xlsx,,E1E06 - torre 6,-1,453,Disponible,,,,,,,,,,,,,,,,,,,,
,,,,,,,,,,,,,,,,,,,,,,,,,E1E12 - torre 5,0.0,,-1,,Parque Mackenna,Stock Parque Mackenna.xlsx,,E1E12 - torre 5,-1,453,Disponible,B1E24,,,,,,,,,,,,,,,,,,,
,,,,,,,,,,,,,,,,,,,,,,,,,519A,2724.0,Disponible,DEPARTAMENTO,22.72,The Place,Stock The Place.xlsx,,,,,SUR-PONIENTE,,,,,Disponible,,,,519A,DEPARTAMENTO,ESTUDIO,,5.0,EDIFICIO THE PLACE,22.72,25.47,22.72,2.75,2724.0,
,,,,,,,,,,,,,,,,,,,,,,,,,520A,2754.0,Disponible,DEPARTAMENTO,23.52,The Place,Stock The Place.xlsx,,,,,NOR-PONIENTE,,,,,Disponible,,,,520A,DEPARTAMENTO,ESTUDIO,,5.0,EDIFICIO THE PLACE,23.52,25.58,23.52,2.06,2754.0,
,,,,,,,,,,,,,,,,,,,,,,,,,620A,2784.0,Disponible,DEPARTAMENTO,23.52,The Place,Stock The Place.xlsx,,,,,NOR-PONIENTE,,,,,Disponible,,,,620A,DEPARTAMENTO,ESTUDIO,,6.0,EDIFICIO THE PLACE,23.52,25.58,23.52,2.06,2784.0,
,,,,,,,,,,,,,,,,,,,,,,,,,720A,2814.0,Disponible,DEPARTAMENTO,23.52,The Place,Stock The Place.xlsx,,,,,NOR-PONIENTE,,,,,Disponible,,,,720A,DEPARTAMENTO,ESTUDIO,,7.0,EDIFICIO THE PLACE,23.52,25.58,23.52,2.06,2814.0,
,,,,,,,,,,,,,,,,,,,,,,,,,919A,2824.0,Disponible,DEPARTAMENTO,22.72,The Place,Stock The Place.xlsx,,,,,SUR-PONIENTE,,,,,Disponible,,,,919A,DEPARTAMENTO,ESTUDIO,,9.0,EDIFICIO THE PLACE,22.72,25.47,22.72,2.75,2824.0,
,,,,,,,,,,,,,,,,,,,,,,,,,1220A,2844.0,Disponible,DEPARTAMENTO,23.52,The Place,Stock The Place.xlsx,,,,,NOR-PONIENTE,,,,,Disponible,,,,1220A,DEPARTAMENTO,ESTUDIO,,12.0,EDIFICIO THE PLACE,23.52,25.58,23.52,2.06,2844.0,
,,,,,,,,,,,,,,,,,,,,,,,,,1320A,2864.0,Disponible,DEPARTAMENTO,23.52,The Place,Stock The Place.xlsx,,,,,NOR-PONIENTE,,,,,Disponible,,,,1320A,DEPARTAMENTO,ESTUDIO,,13.0,EDIFICIO THE PLACE,23.52,25.58,23.52,2.06,2864.0,
,,,,,,,,,,,,,,,,,,,,,,,,,218A,2877.0,Disponible,DEPARTAMENTO,29.47,The Place,Stock The Place.xlsx,,,,,SUR,,,,,Disponible,,,,218A,DEPARTAMENTO,ESTUDIO,,2.0,EDIFICIO THE PLACE,29.47,34.07,29.47,4.6,2877.0,
,,,,,,,,,,,,,,,,,,,,,,,,,1420A,2886.0,Disponible,DEPARTAMENTO,23.52,The Place,Stock The Place.xlsx,,,,,NOR-PONIENTE,,,,,Disponible,,,,1420A,DEPARTAMENTO,ESTUDIO,,14.0,EDIFICIO THE PLACE,23.52,25.58,23.52,2.06,2886.0,
,,,,,,,,,,,,,,,,,,,,,,,,,1520A,2896.0,Disponible,DEPARTAMENTO,23.52,The Place,Stock The Place.xlsx,,,,,NOR-PONIENTE,,,,,Disponible,,,,1520A,DEPARTAMENTO,ESTUDIO,,15.0,EDIFICIO THE PLACE,23.52,25.58,23.52,2.06,2896.0,
,,,,,,,,,,,,,,,,,,,,,,,,,1620A,2907.0,Disponible,DEPARTAMENTO,23.52,The Place,Stock The Place.xlsx,,,,,NOR-PONIENTE,,,,,Disponible,,,,1620A,DEPARTAMENTO,ESTUDIO,,16.0,EDIFICIO THE PLACE,23.52,25.58,23.52,2.06,2907.0,
,,,,,,,,,,,,,,,,,,,,,,,,,1519A,2915.21,Disponible,DEPARTAMENTO,22.72,The Place,Stock The Place.xlsx,,,,,SUR-PONIENTE,,,,,Disponible,,,,1519A,DEPARTAMENTO,ESTUDIO,,15.0,EDIFICIO THE PLACE,22.72,25.47,22.72,2.75,2915.21,
,,,,,,,,,,,,,,,,,,,,,,,,,1619A,2925.51,Disponible,DEPARTAMENTO,22.72,The Place,Stock The Place.xlsx,,,,,SUR-PONIENTE,,,,,Disponible,,,,1619A,DEPARTAMENTO,ESTUDIO,,16.0,EDIFICIO THE PLACE,22.72,25.47,22.72,2.75,2925.51,
,,,,,,,,,,,,,,,,,,,,,,,,,1719A,2937.87,Disponible,DEPARTAMENTO,22.72,The Place,Stock The Place.xlsx,,,,,SUR-PONIENTE,,,,,Disponible,,,,1719A,DEPARTAMENTO,ESTUDIO,,17.0,EDIFICIO THE PLACE,22.72,25.47,22.72,2.75,2937.87,
,,,,,,,,,,,,,,,,,,,,,,,,,818A,3042.0,Disponible,DEPARTAMENTO,29.73,The Place,Stock The Place.xlsx,,,,,SUR,,,,,Disponible,,,,818A,DEPARTAMENTO,ESTUDIO,,8.0,EDIFICIO THE PLACE,29.73,34.33,29.73,4.6,3042.0,
,,,,,,,,,,,,,,,,,,,,,,,,,918A,3074.0,Disponible,DEPARTAMENTO,29.73,The Place,Stock The Place.xlsx,,,,,SUR,,,,,Disponible,,,,918A,DEPARTAMENTO,ESTUDIO,,9.0,EDIFICIO THE PLACE,29.73,34.33,29.73,4.6,3074.0,
,,,,,,,,,,,,,,,,,,,,,,,,,1118A,3097.0,Disponible,DEPARTAMENTO,29.73,The Place,Stock The Place.xlsx,,,,,SUR,,,,,Disponible,,,,1118A,DEPARTAMENTO,ESTUDIO,,11.0,EDIFICIO THE PLACE,29.73,34.33,29.73,4.6,3097.0,
,,,,,,,,,,,,,,,,,,,,,,,,,318A,3097.0,Disponible,DEPARTAMENTO,29.47,The Place,Stock The Place.xlsx,,,,,SUR,,,,,Disponible,,,,318A,DEPARTAMENTO,ESTUDIO,,3.0,EDIFICIO THE PLACE,29.47,34.07,29.47,4.6,3097.0,
,,,,,,,,,,,,,,,,,,,,,,,,,1218A,3129.23,Disponible,DEPARTAMENTO,29.73,The Place,Stock The Place.xlsx,,,,,SUR,,,,,Disponible,,,,1218A,DEPARTAMENTO,ESTUDIO,,12.0,EDIFICIO THE PLACE,29.73,34.33,29.73,4.6,3129.23,
,,,,,,,,,,,,,,,,,,,,,,,,,1318A,3154.0,Disponible,DEPARTAMENTO,29.73,The Place,Stock The Place.xlsx,,,,,SUR,,,,,Disponible,,,,1318A,DEPARTAMENTO,ESTUDIO,,13.0,EDIFICIO THE PLACE,29.73,34.33,29.73,4.6,3154.0,
,,,,,,,,,,,,,,,,,,,,,,,,,1418A,3174.0,Disponible,DEPARTAMENTO,29.73,The Place,Stock The Place.xlsx,,,,,SUR,,,,,Disponible,,,,1418A,DEPARTAMENTO,ESTUDIO,,14.0,EDIFICIO THE PLACE,29.73,34.33,29.73,4.6,3174.0,
,,,,,,,,,,,,,,,,,,,,,,,,,1518A,3204.0,Disponible,DEPARTAMENTO,29.73,The Place,Stock The Place.xlsx,,,,,SUR,,,,,Disponible,,,,1518A,DEPARTAMENTO,ESTUDIO,,15.0,EDIFICIO THE PLACE,29.73,34.33,29.73,4.6,3204.0,
,,,,,,,,,,,,,,,,,,,,,,,,,111A,3425.0,Disponible,DEPARTAMENTO,34.36,The Place,Stock The Place.xlsx,,,,,SUR,,,,,Disponible,,,,111A,DEPARTAMENTO,1D + 1B,,1.0,EDIFICIO THE PLACE,34.36,38.31,34.36,3.95,3425.0,"PRECIO VENTA FINAL, NO APLICA DESCUENTOS, BONO 10%"
,,,,,,,,,,,,,,,,,,,,,,,,,211A,3425.0,Disponible,DEPARTAMENTO,34.36,The Place,Stock The Place.xlsx,,,,,SUR,,,,,Disponible,,,,211A,DEPARTAMENTO,1D + 1B,,2.0,EDIFICIO THE PLACE,34.36,38.31,34.36,3.95,3425.0,"PRECIO VENTA FINAL, NO APLICA DESCUENTOS, BONO 10%"
,,,,,,,,,,,,,,,,,,,,,,,,,109B,3425.0,Disponible,DEPARTAMENTO,33.92,The Place,Stock The Place.xlsx,,,,,SUR,,,,,Disponible,,,,109B,DEPARTAMENTO,1D + 1B,,1.0,EDIFICIO THE PLACE,33.92,41.77,33.92,7.85,3425.0,"PRECIO VENTA FINAL, NO APLICA DESCUENTOS, BONO 10%"
,,,,,,,,,,,,,,,,,,,,,,,,,110A,3425.0,Disponible,DEPARTAMENTO,33.03,The Place,Stock The Place.xlsx,,,,,SUR,,,,,Disponible,,,,110A,DEPARTAMENTO,1D + 1B,,1.0,EDIFICIO THE PLACE,33.03,39.64,33.03,6.61,3425.0,"PRECIO VENTA FINAL, NO APLICA DESCUENTOS, BONO 10%"
,,,,,,,,,,,,,,,,,,,,,,,,,106B,3425.0,Disponible,DEPARTAMENTO,34.31,The Place,Stock The Place.xlsx,,,,,NORTE,,,,,Disponible,,,,106B,DEPARTAMENTO,1D + 1B,,1.0,EDIFICIO THE PLACE,34.31,38.25,34.31,3.94,3425.0,"PRECIO VENTA FINAL, NO APLICA DESCUENTOS, BONO 10%"
,,,,,,,,,,,,,,,,,,,,,,,,,1618A,3224.0,Disponible,DEPARTAMENTO,29.73,The Place,Stock The Place.xlsx,,,,,SUR,,,,,Disponible,,,,1618A,DEPARTAMENTO,ESTUDIO,,16.0,EDIFICIO THE PLACE,29.73,34.33,29.73,4.6,3224.0,
,,,,,,,,,,,,,,,,,,,,,,,,,1718A,3254.0,Disponible,DEPARTAMENTO,29.73,The Place,Stock The Place.xlsx,,,,,SUR,,,,,Disponible,,,,1718A,DEPARTAMENTO,ESTUDIO,,17.0,EDIFICIO THE PLACE,29.73,34.33,29.73,4.6,3254.0,
,,,,,,,,,,,,,,,,,,,,,,,,,1818A,3284.0,Disponible,DEPARTAMENTO,29.73,The Place,Stock The Place.xlsx,,,,,SUR,,,,,Disponible,,,,1818A,DEPARTAMENTO,ESTUDIO,,18.0,EDIFICIO THE PLACE,29.73,34.33,29.73,4.6,3284.0,
,,,,,,,,,,,,,,,,,,,,,,,,,203B,3425.0,Disponible,DEPARTAMENTO,33.14,The Place,Stock The Place.xlsx,,,,,ORIENTE,,,,,Disponible,,,,203B,DEPARTAMENTO,1D + 1B,,2.0,EDIFICIO THE PLACE,33.14,39.75,33.14,6.61,3425.0,"PRECIO VENTA FINAL, NO APLICA DESCUENTOS, BONO 10%"
,,,,,,,,,,,,,,,,,,,,,,,,,105B,3425.0,Disponible,DEPARTAMENTO,32.91,The Place,Stock The Place.xlsx,,,,,ORIENTE,,,,,Disponible,,,,105B,DEPARTAMENTO,1D + 1B,,1.0,EDIFICIO THE PLACE,32.91,39.52,32.91,6.61,3425.0,"PRECIO VENTA FINAL, NO APLICA DESCUENTOS, BONO 10%"
,,,,,,,,,,,,,,,,,,,,,,,,,618A,3457.82,Disponible,DEPARTAMENTO,29.73,The Place,Stock The Place.xlsx,,,,,SUR,,,,,Disponible,,,,618A,DEPARTAMENTO,ESTUDIO,,6.0,EDIFICIO THE PLACE,29.73,34.33,29.73,4.6,3457.82,
,,,,,,,,,,,,,,,,,,,,,,,,,501B,3915.0,Disponible,DEPARTAMENTO,43.35,The Place,Stock The Place.xlsx,,,,,SUR,,,,,Disponible,,,,501B,DEPARTAMENTO,1 1/2D + 2B,,5.0,EDIFICIO THE PLACE,43.35,49.45,43.35,6.1,3915.0,"PRECIO VENTA FINAL, NO APLICA DESCUENTOS"
,,,,,,,,,,,,,,,,,,,,,,,,,301B,3915.0,Disponible,DEPARTAMENTO,43.35,The Place,Stock The Place.xlsx,,,,,SUR,,,,,Disponible,,,,301B,DEPARTAMENTO,1 1/2D + 2B,,3.0,EDIFICIO THE PLACE,43.35,49.45,43.35,6.1,3915.0,"PRECIO VENTA FINAL, NO APLICA DESCUENTOS"
,,,,,,,,,,,,,,,,,,,,,,,,,102B,3915.0,Disponible,DEPARTAMENTO,43.29,The Place,Stock The Place.xlsx,,,,,SUR-ORIENTE,,,,,Disponible,,,,102B,DEPARTAMENTO,1 1/2D + 2B,,1.0,EDIFICIO THE PLACE,43.29,52.37,43.29,9.08,3915.0,"PRECIO VENTA FINAL, NO APLICA DESCUENTOS"
,,,,,,,,,,,,,,,,,,,,,,,,,109A,3915.0,Disponible,DEPARTAMENTO,45.37,The Place,Stock The Place.xlsx,,,,,SUR,,,,,Disponible,,,,109A,DEPARTAMENTO,1 1/2D + 2B,,1.0,EDIFICIO THE PLACE,45.37,54.45,45.37,9.08,3915.0,"PRECIO VENTA FINAL, NO APLICA DESCUENTOS"
,,,,,,,,,,,,,,,,,,,,,,,,,103A,3915.0,Disponible,DEPARTAMENTO,42.4,The Place,Stock The Place.xlsx,,,,,NORTE,,,,,Disponible,,,,103A,DEPARTAMENTO,1 1/2D + 2B,,1.0,EDIFICIO THE PLACE,42.4,51.35,42.4,8.95,3915.0,"PRECIO VENTA FINAL, NO APLICA DESCUENTOS"
,,,,,,,,,,,,,,,,,,,,,,,,,202B,3915.0,Disponible,DEPARTAMENTO,43.29,The Place,Stock The Place.xlsx,,,,,SUR-ORIENTE,,,,,Disponible,,,,202B,DEPARTAMENTO,1 1/2D + 2B,,2.0,EDIFICIO THE PLACE,43.29,52.37,43.29,9.08,3915.0,"PRECIO VENTA FINAL, NO APLICA DESCUENTOS"
,,,,,,,,,,,,,,,,,,,,,,,,,201B,3915.0,Disponible,DEPARTAMENTO,43.35,The Place,Stock The Place.xlsx,,,,,SUR,,,,,Disponible,,,,201B,DEPARTAMENTO,1 1/2D + 2B,,2.0,EDIFICIO THE PLACE,43.35,49.45,43.35,6.1,3915.0,"PRECIO VENTA FINAL, NO APLICA DESCUENTOS"
,,,,,,,,,,,,,,,,,,,,,,,,,302B,3915.0,Disponible,DEPARTAMENTO,43.29,The Place,Stock The Place.xlsx,,,,,SUR-ORIENTE,,,,,Disponible,,,,302B,DEPARTAMENTO,1 1/2D + 2B,,3.0,EDIFICIO THE PLACE,43.29,52.37,43.29,9.08,3915.0,"PRECIO VENTA FINAL, NO APLICA DESCUENTOS"
,,,,,,,,,,,,,,,,,,,,,,,,,214A,3915.0,Disponible,DEPARTAMENTO,42.4,The Place,Stock The Place.xlsx,,,,,SUR,,,,,Disponible,,,,214A,DEPARTAMENTO,1 1/2D + 2B,,2.0,EDIFICIO THE PLACE,42.4,51.35,42.4,8.95,3915.0,"PRECIO VENTA FINAL, NO APLICA DESCUENTOS"
,,,,,,,,,,,,,,,,,,,,,,,,,209A,3915.0,Disponible,DEPARTAMENTO,45.37,The Place,Stock The Place.xlsx,,,,,SUR,,,,,Disponible,,,,209A,DEPARTAMENTO,1 1/2D + 2B,,2.0,EDIFICIO THE PLACE,45.37,54.45,45.37,9.08,3915.0,"PRECIO VENTA FINAL, NO APLICA DESCUENTOS"
,,,,,,,,,,,,,,,,,,,,,,,,,215A,3915.0,Disponible,DEPARTAMENTO,42.4,The Place,Stock The Place.xlsx,,,,,SUR,,,,,Disponible,,,,215A,DEPARTAMENTO,1 1/2D + 2B,,2.0,EDIFICIO THE PLACE,42.4,51.35,42.4,8.95,3915.0,"PRECIO VENTA FINAL, NO APLICA DESCUENTOS"
,,,,,,,,,,,,,,,,,,,,,,,,,401B,3915.0,Disponible,DEPARTAMENTO,43.35,The Place,Stock The Place.xlsx,,,,,SUR,,,,,Disponible,,,,401B,DEPARTAMENTO,1 1/2D + 2B,,4.0,EDIFICIO THE PLACE,43.35,49.45,43.35,6.1,3915.0,"PRECIO VENTA FINAL, NO APLICA DESCUENTOS"
,,,,,,,,,,,,,,,,,,,,,,,,,1702A,4032.72839506173,Disponible,DEPARTAMENTO,33.12,The Place,Stock The Place.xlsx,,,,,NORTE,,,,,Disponible,,,,1702A,DEPARTAMENTO,1D + 1B,,17.0,EDIFICIO THE PLACE,33.12,39.73,33.12,6.61,4032.72839506173,permite hasta bono 10%
,,,,,,,,,,,,,,,,,,,,,,,,,1312A,4044.73420479303,Disponible,DEPARTAMENTO,34.27,The Place,Stock The Place.xlsx,,,,,SUR,,,,,Disponible,,,,1312A,DEPARTAMENTO,1D + 1B,,13.0,EDIFICIO THE PLACE,34.27,38.22,34.27,3.95,4044.73420479303,permite hasta bono 10%
,,,,,,,,,,,,,,,,,,,,,,,,,1601B,4078.73420479303,Disponible,DEPARTAMENTO,34.53,The Place,Stock The Place.xlsx,,,,,SUR,,,,,Disponible,,,,1601B,DEPARTAMENTO,1D + 1B,,16.0,EDIFICIO THE PLACE,34.53,38.62,34.53,4.09,4078.73420479303,permite hasta bono 10%
,,,,,,,,,,,,,,,,,,,,,,,,,1512A,4080.73420479303,Disponible,DEPARTAMENTO,34.27,The Place,Stock The Place.xlsx,,,,,SUR,,,,,Disponible,,,,1512A,DEPARTAMENTO,1D + 1B,,15.0,EDIFICIO THE PLACE,34.27,38.22,34.27,3.95,4080.73420479303,permite hasta bono 10%
,,,,,,,,,,,,,,,,,,,,,,,,,1611A,4087.73420479303,Disponible,DEPARTAMENTO,34.27,The Place,Stock The Place.xlsx,,,,,SUR,,,,,Disponible,,,,1611A,DEPARTAMENTO,1D + 1B,,16.0,EDIFICIO THE PLACE,34.27,38.22,34.27,3.95,4087.73420479303,permite hasta bono 10%
,,,,,,,,,,,,,,,,,,,,,,,,,1406A,4088.73420479303,Disponible,DEPARTAMENTO,34.39,The Place,Stock The Place.xlsx,,,,,NORTE,,,,,Disponible,,,,1406A,DEPARTAMENTO,1D + 1B,,14.0,EDIFICIO THE PLACE,34.39,38.34,34.39,3.95,4088.73420479303,permite hasta bono 10%
,,,,,,,,,,,,,,,,,,,,,,,,,206B,4090.73420479303,Disponible,DEPARTAMENTO,34.31,The Place,Stock The Place.xlsx,,,,,NORTE,,,,,Disponible,,,,206B,DEPARTAMENTO,1D + 1B,,2.0,EDIFICIO THE PLACE,34.31,38.25,34.31,3.94,4090.73420479303,permite hasta bono 10%
,,,,,,,,,,,,,,,,,,,,,,,,,1612A,4098.73420479303,Disponible,DEPARTAMENTO,34.27,The Place,Stock The Place.xlsx,,,,,SUR,,,,,Disponible,,,,1612A,DEPARTAMENTO,1D + 1B,,16.0,EDIFICIO THE PLACE,34.27,38.22,34.27,3.95,4098.73420479303,permite hasta bono 10%
,,,,,,,,,,,,,,,,,,,,,,,,,1506A,4099.73420479303,Disponible,DEPARTAMENTO,34.39,The Place,Stock The Place.xlsx,,,,,NORTE,,,,,Disponible,,,,1506A,DEPARTAMENTO,1D + 1B,,15.0,EDIFICIO THE PLACE,34.39,38.34,34.39,3.95,4099.73420479303,permite hasta bono 10%
,,,,,,,,,,,,,,,,,,,,,,,,,1716A,4100.73420479303,Disponible,DEPARTAMENTO,34.27,The Place,Stock The Place.xlsx,,,,,SUR,,,,,Disponible,,,,1716A,DEPARTAMENTO,1D + 1B,,17.0,EDIFICIO THE PLACE,34.27,38.22,34.27,3.95,4100.73420479303,permite hasta bono 10%
,,,,,,,,,,,,,,,,,,,,,,,,,1407A,4103.73420479303,Disponible,DEPARTAMENTO,33.1,The Place,Stock The Place.xlsx,,,,,NORTE,,,,,Disponible,,,,1407A,DEPARTAMENTO,1D + 1B,,14.0,EDIFICIO THE PLACE,33.1,39.71,33.1,6.61,4103.73420479303,permite hasta bono 10%
,,,,,,,,,,,,,,,,,,,,,,,,,1616A,4108.73420479303,Disponible,DEPARTAMENTO,34.27,The Place,Stock The Place.xlsx,,,,,SUR,,,,,Disponible,,,,1616A,DEPARTAMENTO,1D + 1B,,16.0,EDIFICIO THE PLACE,34.27,38.22,34.27,3.95,4108.73420479303,permite hasta bono 10%
,,,,,,,,,,,,,,,,,,,,,,,,,1606A,4110.73420479303,Disponible,DEPARTAMENTO,34.39,The Place,Stock The Place.xlsx,,,,,NORTE,,,,,Disponible,,,,1606A,DEPARTAMENTO,1D + 1B,,16.0,EDIFICIO THE PLACE,34.39,38.34,34.39,3.95,4110.73420479303,permite hasta bono 10%
,,,,,,,,,,,,,,,,,,,,,,,,,1711A,4113.73420479303,Disponible,DEPARTAMENTO,34.27,The Place,Stock The Place.xlsx,,,,,SUR,,,,,Disponible,,,,1711A,DEPARTAMENTO,1D + 1B,,17.0,EDIFICIO THE PLACE,34.27,38.22,34.27,3.95,4113.73420479303,permite hasta bono 10%
,,,,,,,,,,,,,,,,,,,,,,,,,1507A,4115.73420479303,Disponible,DEPARTAMENTO,33.1,The Place,Stock The Place.xlsx,,,,,NORTE,,,,,Disponible,,,,1507A,DEPARTAMENTO,1D + 1B,,15.0,EDIFICIO THE PLACE,33.1,39.71,33.1,6.61,4115.73420479303,permite hasta bono 10%
,,,,,,,,,,,,,,,,,,,,,,,,,1816A,4116.73420479303,Disponible,DEPARTAMENTO,34.27,The Place,Stock The Place.xlsx,,,,,SUR,,,,,Disponible,,,,1816A,DEPARTAMENTO,1D + 1B,,18.0,EDIFICIO THE PLACE,34.27,38.22,34.27,3.95,4116.73420479303,permite hasta bono 10%
,,,,,,,,,,,,,,,,,,,,,,,,,1617A,4119.73420479303,Disponible,DEPARTAMENTO,34.27,The Place,Stock The Place.xlsx,,,,,SUR,,,,,Disponible,,,,1617A,DEPARTAMENTO,1D + 1B,,16.0,EDIFICIO THE PLACE,34.27,38.22,34.27,3.95,4119.73420479303,permite hasta bono 10%
,,,,,,,,,,,,,,,,,,,,,,,,,1706A,4120.73420479303,Disponible,DEPARTAMENTO,34.39,The Place,Stock The Place.xlsx,,,,,NORTE,,,,,Disponible,,,,1706A,DEPARTAMENTO,1D + 1B,,17.0,EDIFICIO THE PLACE,34.39,38.34,34.39,3.95,4120.73420479303,permite hasta bono 10%
,,,,,,,,,,,,,,,,,,,,,,,,,1811A,4121.73420479303,Disponible,DEPARTAMENTO,34.27,The Place,Stock The Place.xlsx,,,,,SUR,,,,,Disponible,,,,1811A,DEPARTAMENTO,1D + 1B,,18.0,EDIFICIO THE PLACE,34.27,38.22,34.27,3.95,4121.73420479303,permite hasta bono 10%
,,,,,,,,,,,,,,,,,,,,,,,,,1109B,4124.73420479303,Disponible,DEPARTAMENTO,33.77,The Place,Stock The Place.xlsx,,,,,SUR,,,,,Disponible,,,,1109B,DEPARTAMENTO,1D + 1B,,11.0,EDIFICIO THE PLACE,33.77,41.62,33.77,7.85,4124.73420479303,permite hasta bono 10%
,,,,,,,,,,,,,,,,,,,,,,,,,1712A,4124.73420479303,Disponible,DEPARTAMENTO,34.27,The Place,Stock The Place.xlsx,,,,,SUR,,,,,Disponible,,,,1712A,DEPARTAMENTO,1D + 1B,,17.0,EDIFICIO THE PLACE,34.27,38.22,34.27,3.95,4124.73420479303,permite hasta bono 10%
,,,,,,,,,,,,,,,,,,,,,,,,,1607A,4126.73420479303,Disponible,DEPARTAMENTO,33.1,The Place,Stock The Place.xlsx,,,,,NORTE,,,,,Disponible,,,,1607A,DEPARTAMENTO,1D + 1B,,16.0,EDIFICIO THE PLACE,33.1,39.71,33.1,6.61,4126.73420479303,permite hasta bono 10%
,,,,,,,,,,,,,,,,,,,,,,,,,1707A,4127.73420479303,Disponible,DEPARTAMENTO,33.1,The Place,Stock The Place.xlsx,,,,,NORTE,,,,,Disponible,,,,1707A,DEPARTAMENTO,1D + 1B,,17.0,EDIFICIO THE PLACE,33.1,39.71,33.1,6.61,4127.73420479303,permite hasta bono 10%
,,,,,,,,,,,,,,,,,,,,,,,,,1902A,4128.73420479303,Disponible,DEPARTAMENTO,33.12,The Place,Stock The Place.xlsx,,,,,NORTE,,,,,Disponible,,,,1902A,DEPARTAMENTO,1D + 1B,,19.0,EDIFICIO THE PLACE,33.12,37.97,33.12,4.85,4128.73420479303,permite hasta bono 10%
,,,,,,,,,,,,,,,,,,,,,,,,,1812A,4131.73420479303,Disponible,DEPARTAMENTO,34.27,The Place,Stock The Place.xlsx,,,,,SUR,,,,,Disponible,,,,1812A,DEPARTAMENTO,1D + 1B,,18.0,EDIFICIO THE PLACE,34.27,38.22,34.27,3.95,4131.73420479303,permite hasta bono 10%
,,,,,,,,,,,,,,,,,,,,,,,,,1806A,4132.73420479303,Disponible,DEPARTAMENTO,34.39,The Place,Stock The Place.xlsx,,,,,NORTE,,,,,Disponible,,,,1806A,DEPARTAMENTO,1D + 1B,,18.0,EDIFICIO THE PLACE,34.39,38.34,34.39,3.95,4132.73420479303,permite hasta bono 10%
,,,,,,,,,,,,,,,,,,,,,,,,,1810A,4136.73420479303,Disponible,DEPARTAMENTO,33.1,The Place,Stock The Place.xlsx,,,,,SUR,,,,,Disponible,,,,1810A,DEPARTAMENTO,1D + 1B,,18.0,EDIFICIO THE PLACE,33.1,39.71,33.1,6.61,4136.73420479303,permite hasta bono 10%
,,,,,,,,,,,,,,,,,,,,,,,,,1209B,4136.73420479303,Disponible,DEPARTAMENTO,33.77,The Place,Stock The Place.xlsx,,,,,SUR,,,,,Disponible,,,,1209B,DEPARTAMENTO,1D + 1B,,12.0,EDIFICIO THE PLACE,33.77,41.62,33.77,7.85,4136.73420479303,permite hasta bono 10%
,,,,,,,,,,,,,,,,,,,,,,,,,1717A,4137.73420479303,Disponible,DEPARTAMENTO,34.27,The Place,Stock The Place.xlsx,,,,,SUR,,,,,Disponible,,,,1717A,DEPARTAMENTO,1D + 1B,,17.0,EDIFICIO THE PLACE,34.27,38.22,34.27,3.95,4137.73420479303,permite hasta bono 10%
,,,,,,,,,,,,,,,,,,,,,,,,,1807A,4139.73420479303,Disponible,DEPARTAMENTO,33.1,The Place,Stock The Place.xlsx,,,,,NORTE,,,,,Disponible,,,,1807A,DEPARTAMENTO,1D + 1B,,18.0,EDIFICIO THE PLACE,33.1,39.71,33.1,6.61,4139.73420479303,permite hasta bono 10%
,,,,,,,,,,,,,,,,,,,,,,,,,1817A,4144.73420479303,Disponible,DEPARTAMENTO,34.27,The Place,Stock The Place.xlsx,,,,,SUR,,,,,Disponible,,,,1817A,DEPARTAMENTO,1D + 1B,,18.0,EDIFICIO THE PLACE,34.27,38.22,34.27,3.95,4144.73420479303,permite hasta bono 10%
,,,,,,,,,,,,,,,,,,,,,,,,,1309B,4146.73420479303,Disponible,DEPARTAMENTO,33.77,The Place,Stock The Place.xlsx,,,,,SUR,,,,,Disponible,,,,1309B,DEPARTAMENTO,1D + 1B,,13.0,EDIFICIO THE PLACE,33.77,41.62,33.77,7.85,4146.73420479303,permite hasta bono 10%
,,,,,,,,,,,,,,,,,,,,,,,,,1608B,4162.73420479303,Disponible,DEPARTAMENTO,33.51,The Place,Stock The Place.xlsx,,,,,NORTE,,,,,Disponible,,,,1608B,DEPARTAMENTO,1D + 1B,,16.0,EDIFICIO THE PLACE,33.51,38.12,33.51,4.61,4162.73420479303,permite hasta bono 10%
,,,,,,,,,,,,,,,,,,,,,,,,,1202A,4351.73420479303,Disponible,DEPARTAMENTO,33.12,The Place,Stock The Place.xlsx,,,,,NORTE,,,,,Disponible,,,,1202A,DEPARTAMENTO,1D + 1B,,12.0,EDIFICIO THE PLACE,33.12,39.73,33.12,6.61,4351.73420479303,permite hasta bono 10%
,,,,,,,,,,,,,,,,,,,,,,,,,601B,4609.82135076253,Disponible,DEPARTAMENTO,43.35,The Place,Stock The Place.xlsx,,,,,SUR,,,,,Disponible,,,,601B,DEPARTAMENTO,1 1/2D + 2B,,6.0,EDIFICIO THE PLACE,43.35,49.45,43.35,6.1,4609.82135076253,
,,,,,,,,,,,,,,,,,,,,,,,,,204A,4627.82135076253,Disponible,DEPARTAMENTO,42.4,The Place,Stock The Place.xlsx,,,,,NORTE,,,,,Disponible,,,,204A,DEPARTAMENTO,1 1/2D + 2B,,2.0,EDIFICIO THE PLACE,42.4,51.35,42.4,8.95,4627.82135076253,
,,,,,,,,,,,,,,,,,,,,,,,,,801B,4630.82135076253,Disponible,DEPARTAMENTO,43.35,The Place,Stock The Place.xlsx,,,,,SUR,,,,,Disponible,,,,801B,DEPARTAMENTO,1 1/2D + 2B,,8.0,EDIFICIO THE PLACE,43.35,49.45,43.35,6.1,4630.82135076253,
,,,,,,,,,,,,,,,,,,,,,,,,,901B,4642.82135076253,Disponible,DEPARTAMENTO,43.35,The Place,Stock The Place.xlsx,,,,,SUR,,,,,Disponible,,,,901B,DEPARTAMENTO,1 1/2D + 2B,,9.0,EDIFICIO THE PLACE,43.35,49.45,43.35,6.1,4642.82135076253,
,,,,,,,,,,,,,,,,,,,,,,,,,1001B,4643.82135076253,Disponible,DEPARTAMENTO,43.35,The Place,Stock The Place.xlsx,,,,,SUR,,,,,Disponible,,,,1001B,DEPARTAMENTO,1 1/2D + 2B,,10.0,EDIFICIO THE PLACE,43.35,49.45,43.35,6.1,4643.82135076253,
,,,,,,,,,,,,,,,,,,,,,,,,,304A,4650.82135076253,Disponible,DEPARTAMENTO,42.4,The Place,Stock The Place.xlsx,,,,,NORTE,,,,,Disponible,,,,304A,DEPARTAMENTO,1 1/2D + 2B,,3.0,EDIFICIO THE PLACE,42.4,51.35,42.4,8.95,4650.82135076253,
,,,,,,,,,,,,,,,,,,,,,,,,,914A,4660.82135076253,Disponible,DEPARTAMENTO,42.64,The Place,Stock The Place.xlsx,,,,,SUR,,,,,Disponible,,,,914A,DEPARTAMENTO,1 1/2D + 2B,,9.0,EDIFICIO THE PLACE,42.64,51.59,42.64,8.95,4660.82135076253,
,,,,,,,,,,,,,,,,,,,,,,,,,404A,4661.82135076253,Disponible,DEPARTAMENTO,42.64,The Place,Stock The Place.xlsx,,,,,NORTE,,,,,Disponible,,,,404A,DEPARTAMENTO,1 1/2D + 2B,,4.0,EDIFICIO THE PLACE,42.64,51.59,42.64,8.95,4661.82135076253,
,,,,,,,,,,,,,,,,,,,,,,,,,1101B,4663.82135076253,Disponible,DEPARTAMENTO,43.35,The Place,Stock The Place.xlsx,,,,,SUR,,,,,Disponible,,,,1101B,DEPARTAMENTO,1 1/2D + 2B,,11.0,EDIFICIO THE PLACE,43.35,49.45,43.35,6.1,4663.82135076253,
,,,,,,,,,,,,,,,,,,,,,,,,,1114A,4671.82135076253,Disponible,DEPARTAMENTO,42.64,The Place,Stock The Place.xlsx,,,,,SUR,,,,,Disponible,,,,1114A,DEPARTAMENTO,1 1/2D + 2B,,11.0,EDIFICIO THE PLACE,42.64,51.59,42.64,8.95,4671.82135076253,
,,,,,,,,,,,,,,,,,,,,,,,,,1115A,4671.82135076253,Disponible,DEPARTAMENTO,42.64,The Place,Stock The Place.xlsx,,,,,SUR,,,,,Disponible,,,,1115A,DEPARTAMENTO,1 1/2D + 2B,,11.0,EDIFICIO THE PLACE,42.64,51.59,42.64,8.95,4671.82135076253,
,,,,,,,,,,,,,,,,,,,,,,,,,1201B,4675.82135076253,Disponible,DEPARTAMENTO,43.35,The Place,Stock The Place.xlsx,,,,,SUR,,,,,Disponible,,,,1201B,DEPARTAMENTO,1 1/2D + 2B,,12.0,EDIFICIO THE PLACE,43.35,49.45,43.35,6.1,4675.82135076253,
,,,,,,,,,,,,,,,,,,,,,,,,,402B,4681.82135076253,Disponible,DEPARTAMENTO,43.29,The Place,Stock The Place.xlsx,,,,,SUR-ORIENTE,,,,,Disponible,,,,402B,DEPARTAMENTO,1 1/2D + 2B,,4.0,EDIFICIO THE PLACE,43.29,52.37,43.29,9.08,4681.82135076253,
,,,,,,,,,,,,,,,,,,,,,,,,,503A,4682.82135076253,Disponible,DEPARTAMENTO,42.64,The Place,Stock The Place.xlsx,,,,,NORTE,,,,,Disponible,,,,503A,DEPARTAMENTO,1 1/2D + 2B,,5.0,EDIFICIO THE PLACE,42.64,51.59,42.64,8.95,4682.82135076253,
,,,,,,,,,,,,,,,,,,,,,,,,,1214A,4683.82135076253,Disponible,DEPARTAMENTO,42.64,The Place,Stock The Place.xlsx,,,,,SUR,,,,,Disponible,,,,1214A,DEPARTAMENTO,1 1/2D + 2B,,12.0,EDIFICIO THE PLACE,42.64,51.59,42.64,8.95,4683.82135076253,
,,,,,,,,,,,,,,,,,,,,,,,,,903A,4683.82135076253,Disponible,DEPARTAMENTO,42.64,The Place,Stock The Place.xlsx,,,,,NORTE,,,,,Disponible,,,,903A,DEPARTAMENTO,1 1/2D + 2B,,9.0,EDIFICIO THE PLACE,42.64,51.59,42.64,8.95,4683.82135076253,
,,,,,,,,,,,,,,,,,,,,,,,,,1508B,4689.174291939,Disponible,DEPARTAMENTO,43.24,The Place,Stock The Place.xlsx,,,,,NOR-PONIENTE,,,,,Disponible,,,,1508B,DEPARTAMENTO,1 1/2D + 2B,,15.0,EDIFICIO THE PLACE,43.24,50.38,43.24,7.14,4689.174291939,
,,,,,,,,,,,,,,,,,,,,,,,,,1103A,4694.82135076253,Disponible,DEPARTAMENTO,42.64,The Place,Stock The Place.xlsx,,,,,NORTE,,,,,Disponible,,,,1103A,DEPARTAMENTO,1 1/2D + 2B,,11.0,EDIFICIO THE PLACE,42.64,51.59,42.64,8.95,4694.82135076253,
,,,,,,,,,,,,,,,,,,,,,,,,,1315A,4694.82135076253,Disponible,DEPARTAMENTO,42.64,The Place,Stock The Place.xlsx,,,,,SUR,,,,,Disponible,,,,1315A,DEPARTAMENTO,1 1/2D + 2B,,13.0,EDIFICIO THE PLACE,42.64,51.59,42.64,8.95,4694.82135076253,
,,,,,,,,,,,,,,,,,,,,,,,,,1104A,4694.82135076253,Disponible,DEPARTAMENTO,42.64,The Place,Stock The Place.xlsx,,,,,NORTE,,,,,Disponible,,,,1104A,DEPARTAMENTO,1 1/2D + 2B,,11.0,EDIFICIO THE PLACE,42.64,51.59,42.64,8.95,4694.82135076253,
,,,,,,,,,,,,,,,,,,,,,,,,,1401B,4697.82135076253,Disponible,DEPARTAMENTO,43.35,The Place,Stock The Place.xlsx,,,,,SUR,,,,,Disponible,,,,1401B,DEPARTAMENTO,1 1/2D + 2B,,14.0,EDIFICIO THE PLACE,43.35,49.45,43.35,6.1,4697.82135076253,
,,,,,,,,,,,,,,,,,,,,,,,,,608B,4704.82135076253,Disponible,DEPARTAMENTO,43.49,The Place,Stock The Place.xlsx,,,,,NOR-PONIENTE,,,,,Disponible,,,,608B,DEPARTAMENTO,1 1/2D + 2B,,6.0,EDIFICIO THE PLACE,43.49,52.57,43.49,9.08,4704.82135076253,
,,,,,,,,,,,,,,,,,,,,,,,,,1414A,4705.82135076253,Disponible,DEPARTAMENTO,42.64,The Place,Stock The Place.xlsx,,,,,SUR,,,,,Disponible,,,,1414A,DEPARTAMENTO,1 1/2D + 2B,,14.0,EDIFICIO THE PLACE,42.64,51.59,42.64,8.95,4705.82135076253,
,,,,,,,,,,,,,,,,,,,,,,,,,1203A,4705.82135076253,Disponible,DEPARTAMENTO,42.64,The Place,Stock The Place.xlsx,,,,,NORTE,,,,,Disponible,,,,1203A,DEPARTAMENTO,1 1/2D + 2B,,12.0,EDIFICIO THE PLACE,42.64,51.59,42.64,8.95,4705.82135076253,
,,,,,,,,,,,,,,,,,,,,,,,,,802B,4715.82135076253,Disponible,DEPARTAMENTO,43.29,The Place,Stock The Place.xlsx,,,,,SUR-ORIENTE,,,,,Disponible,,,,802B,DEPARTAMENTO,1 1/2D + 2B,,8.0,EDIFICIO THE PLACE,43.29,52.37,43.29,9.08,4715.82135076253,
,,,,,,,,,,,,,,,,,,,,,,,,,702B,4715.82135076253,Disponible,DEPARTAMENTO,43.29,The Place,Stock The Place.xlsx,,,,,SUR-ORIENTE,,,,,Disponible,,,,702B,DEPARTAMENTO,1 1/2D + 2B,,7.0,EDIFICIO THE PLACE,43.29,52.37,43.29,9.08,4715.82135076253,
,,,,,,,,,,,,,,,,,,,,,,,,,1514A,4716.82135076253,Disponible,DEPARTAMENTO,42.64,The Place,Stock The Place.xlsx,,,,,SUR,,,,,Disponible,,,,1514A,DEPARTAMENTO,1 1/2D + 2B,,15.0,EDIFICIO THE PLACE,42.64,51.59,42.64,8.95,4716.82135076253,
,,,,,,,,,,,,,,,,,,,,,,,,,1303A,4716.82135076253,Disponible,DEPARTAMENTO,42.64,The Place,Stock The Place.xlsx,,,,,NORTE,,,,,Disponible,,,,1303A,DEPARTAMENTO,1 1/2D + 2B,,13.0,EDIFICIO THE PLACE,42.64,51.59,42.64,8.95,4716.82135076253,
,,,,,,,,,,,,,,,,,,,,,,,,,1304A,4716.82135076253,Disponible,DEPARTAMENTO,42.64,The Place,Stock The Place.xlsx,,,,,NORTE,,,,,Disponible,,,,1304A,DEPARTAMENTO,1 1/2D + 2B,,13.0,EDIFICIO THE PLACE,42.64,51.59,42.64,8.95,4716.82135076253,
,,,,,,,,,,,,,,,,,,,,,,,,,902B,4726.82135076253,Disponible,DEPARTAMENTO,43.29,The Place,Stock The Place.xlsx,,,,,SUR-ORIENTE,,,,,Disponible,,,,902B,DEPARTAMENTO,1 1/2D + 2B,,9.0,EDIFICIO THE PLACE,43.29,52.37,43.29,9.08,4726.82135076253,
,,,,,,,,,,,,,,,,,,,,,,,,,808B,4727.82135076253,Disponible,DEPARTAMENTO,43.49,The Place,Stock The Place.xlsx,,,,,NOR-PONIENTE,,,,,Disponible,,,,808B,DEPARTAMENTO,1 1/2D + 2B,,8.0,EDIFICIO THE PLACE,43.49,52.57,43.49,9.08,4727.82135076253,
,,,,,,,,,,,,,,,,,,,,,,,,,1403A,4728.82135076253,Disponible,DEPARTAMENTO,42.64,The Place,Stock The Place.xlsx,,,,,NORTE,,,,,Disponible,,,,1403A,DEPARTAMENTO,1 1/2D + 2B,,14.0,EDIFICIO THE PLACE,42.64,51.59,42.64,8.95,4728.82135076253,
,,,,,,,,,,,,,,,,,,,,,,,,,1404A,4728.82135076253,Disponible,DEPARTAMENTO,42.64,The Place,Stock The Place.xlsx,,,,,NORTE,,,,,Disponible,,,,1404A,DEPARTAMENTO,1 1/2D + 2B,,14.0,EDIFICIO THE PLACE,42.64,51.59,42.64,8.95,4728.82135076253,
,,,,,,,,,,,,,,,,,,,,,,,,,1614A,4728.82135076253,Disponible,DEPARTAMENTO,42.64,The Place,Stock The Place.xlsx,,,,,SUR,,,,,Disponible,,,,1614A,DEPARTAMENTO,1 1/2D + 2B,,16.0,EDIFICIO THE PLACE,42.64,51.59,42.64,8.95,4728.82135076253,
,,,,,,,,,,,,,,,,,,,,,,,,,1002B,4737.82135076253,Disponible,DEPARTAMENTO,43.29,The Place,Stock The Place.xlsx,,,,,SUR-ORIENTE,,,,,Disponible,,,,1002B,DEPARTAMENTO,1 1/2D + 2B,,10.0,EDIFICIO THE PLACE,43.29,52.37,43.29,9.08,4737.82135076253,
,,,,,,,,,,,,,,,,,,,,,,,,,908B,4738.82135076253,Disponible,DEPARTAMENTO,43.49,The Place,Stock The Place.xlsx,,,,,NOR-PONIENTE,,,,,Disponible,,,,908B,DEPARTAMENTO,1 1/2D + 2B,,9.0,EDIFICIO THE PLACE,43.49,52.57,43.49,9.08,4738.82135076253,
,,,,,,,,,,,,,,,,,,,,,,,,,708B,4738.82135076253,Disponible,DEPARTAMENTO,43.49,The Place,Stock The Place.xlsx,,,,,NOR-PONIENTE,,,,,Disponible,,,,708B,DEPARTAMENTO,1 1/2D + 2B,,7.0,EDIFICIO THE PLACE,43.49,52.57,43.49,9.08,4738.82135076253,
,,,,,,,,,,,,,,,,,,,,,,,,,1715A,4739.82135076253,Disponible,DEPARTAMENTO,42.64,The Place,Stock The Place.xlsx,,,,,SUR,,,,,Disponible,,,,1715A,DEPARTAMENTO,1 1/2D + 2B,,17.0,EDIFICIO THE PLACE,42.64,51.59,42.64,8.95,4739.82135076253,
,,,,,,,,,,,,,,,,,,,,,,,,,1503A,4739.82135076253,Disponible,DEPARTAMENTO,42.64,The Place,Stock The Place.xlsx,,,,,NORTE,,,,,Disponible,,,,1503A,DEPARTAMENTO,1 1/2D + 2B,,15.0,EDIFICIO THE PLACE,42.64,51.59,42.64,8.95,4739.82135076253,
,,,,,,,,,,,,,,,,,,,,,,,,,1714A,4739.82135076253,Disponible,DEPARTAMENTO,42.64,The Place,Stock The Place.xlsx,,,,,SUR,,,,,Disponible,,,,1714A,DEPARTAMENTO,1 1/2D + 2B,,17.0,EDIFICIO THE PLACE,42.64,51.59,42.64,8.95,4739.82135076253,
,,,,,,,,,,,,,,,,,,,,,,,,,1504A,4739.82135076253,Disponible,DEPARTAMENTO,42.64,The Place,Stock The Place.xlsx,,,,,NORTE,,,,,Disponible,,,,1504A,DEPARTAMENTO,1 1/2D + 2B,,15.0,EDIFICIO THE PLACE,42.64,51.59,42.64,8.95,4739.82135076253,
,,,,,,,,,,,,,,,,,,,,,,,,,1102B,4748.82135076253,Disponible,DEPARTAMENTO,43.29,The Place,Stock The Place.xlsx,,,,,SUR-ORIENTE,,,,,Disponible,,,,1102B,DEPARTAMENTO,1 1/2D + 2B,,11.0,EDIFICIO THE PLACE,43.29,52.37,43.29,9.08,4748.82135076253,
,,,,,,,,,,,,,,,,,,,,,,,,,1008B,4750.82135076253,Disponible,DEPARTAMENTO,43.49,The Place,Stock The Place.xlsx,,,,,NOR-PONIENTE,,,,,Disponible,,,,1008B,DEPARTAMENTO,1 1/2D + 2B,,10.0,EDIFICIO THE PLACE,43.49,52.57,43.49,9.08,4750.82135076253,
,,,,,,,,,,,,,,,,,,,,,,,,,1604A,4751.82135076253,Disponible,DEPARTAMENTO,42.64,The Place,Stock The Place.xlsx,,,,,NORTE,,,,,Disponible,,,,1604A,DEPARTAMENTO,1 1/2D + 2B,,16.0,EDIFICIO THE PLACE,42.64,51.59,42.64,8.95,4751.82135076253,
,,,,,,,,,,,,,,,,,,,,,,,,,1814A,4751.82135076253,Disponible,DEPARTAMENTO,42.64,The Place,Stock The Place.xlsx,,,,,SUR,,,,,Disponible,,,,1814A,DEPARTAMENTO,1 1/2D + 2B,,18.0,EDIFICIO THE PLACE,42.64,51.59,42.64,8.95,4751.82135076253,
,,,,,,,,,,,,,,,,,,,,,,,,,1815A,4751.82135076253,Disponible,DEPARTAMENTO,42.64,The Place,Stock The Place.xlsx,,,,,SUR,,,,,Disponible,,,,1815A,DEPARTAMENTO,1 1/2D + 2B,,18.0,EDIFICIO THE PLACE,42.64,51.59,42.64,8.95,4751.82135076253,
,,,,,,,,,,,,,,,,,,,,,,,,,220A,4756.82135076253,Disponible,DEPARTAMENTO,42.46,The Place,Stock The Place.xlsx,,,,,PONIENTE,,,,,Disponible,,,,220A,DEPARTAMENTO,1 1/2D + 2B,,2.0,EDIFICIO THE PLACE,42.46,53.98,42.46,11.52,4756.82135076253,
,,,,,,,,,,,,,,,,,,,,,,,,,1202B,4759.82135076253,Disponible,DEPARTAMENTO,43.29,The Place,Stock The Place.xlsx,,,,,SUR-ORIENTE,,,,,Disponible,,,,1202B,DEPARTAMENTO,1 1/2D + 2B,,12.0,EDIFICIO THE PLACE,43.29,52.37,43.29,9.08,4759.82135076253,
,,,,,,,,,,,,,,,,,,,,,,,,,1108B,4760.82135076253,Disponible,DEPARTAMENTO,43.49,The Place,Stock The Place.xlsx,,,,,NOR-PONIENTE,,,,,Disponible,,,,1108B,DEPARTAMENTO,1 1/2D + 2B,,11.0,EDIFICIO THE PLACE,43.49,52.57,43.49,9.08,4760.82135076253,
,,,,,,,,,,,,,,,,,,,,,,,,,1703A,4761.82135076253,Disponible,DEPARTAMENTO,42.64,The Place,Stock The Place.xlsx,,,,,NORTE,,,,,Disponible,,,,1703A,DEPARTAMENTO,1 1/2D + 2B,,17.0,EDIFICIO THE PLACE,42.64,51.59,42.64,8.95,4761.82135076253,
,,,,,,,,,,,,,,,,,,,,,,,,,1704A,4761.82135076253,Disponible,DEPARTAMENTO,42.64,The Place,Stock The Place.xlsx,,,,,NORTE,,,,,Disponible,,,,1704A,DEPARTAMENTO,1 1/2D + 2B,,17.0,EDIFICIO THE PLACE,42.64,51.59,42.64,8.95,4761.82135076253,
,,,,,,,,,,,,,,,,,,,,,,,,,1302B,4770.82135076253,Disponible,DEPARTAMENTO,43.29,The Place,Stock The Place.xlsx,,,,,SUR-ORIENTE,,,,,Disponible,,,,1302B,DEPARTAMENTO,1 1/2D + 2B,,13.0,EDIFICIO THE PLACE,43.29,52.37,43.29,9.08,4770.82135076253,
,,,,,,,,,,,,,,,,,,,,,,,,,1208B,4772.82135076253,Disponible,DEPARTAMENTO,43.49,The Place,Stock The Place.xlsx,,,,,NOR-PONIENTE,,,,,Disponible,,,,1208B,DEPARTAMENTO,1 1/2D + 2B,,12.0,EDIFICIO THE PLACE,43.49,52.57,43.49,9.08,4772.82135076253,
,,,,,,,,,,,,,,,,,,,,,,,,,1803A,4773.82135076253,Disponible,DEPARTAMENTO,42.64,The Place,Stock The Place.xlsx,,,,,NORTE,,,,,Disponible,,,,1803A,DEPARTAMENTO,1 1/2D + 2B,,18.0,EDIFICIO THE PLACE,42.64,51.59,42.64,8.95,4773.82135076253,
,,,,,,,,,,,,,,,,,,,,,,,,,1804A,4773.82135076253,Disponible,DEPARTAMENTO,42.64,The Place,Stock The Place.xlsx,,,,,NORTE,,,,,Disponible,,,,1804A,DEPARTAMENTO,1 1/2D + 2B,,18.0,EDIFICIO THE PLACE,42.64,51.59,42.64,8.95,4773.82135076253,
,,,,,,,,,,,,,,,,,,,,,,,,,1402B,4782.82135076253,Disponible,DEPARTAMENTO,43.29,The Place,Stock The Place.xlsx,,,,,SUR-ORIENTE,,,,,Disponible,,,,1402B,DEPARTAMENTO,1 1/2D + 2B,,14.0,EDIFICIO THE PLACE,43.29,52.37,43.29,9.08,4782.82135076253,
,,,,,,,,,,,,,,,,,,,,,,,,,1308B,4783.82135076253,Disponible,DEPARTAMENTO,43.49,The Place,Stock The Place.xlsx,,,,,NOR-PONIENTE,,,,,Disponible,,,,1308B,DEPARTAMENTO,1 1/2D + 2B,,13.0,EDIFICIO THE PLACE,43.49,52.57,43.49,9.08,4783.82135076253,
,,,,,,,,,,,,,,,,,,,,,,,,,1408B,4794.82135076253,Disponible,DEPARTAMENTO,43.49,The Place,Stock The Place.xlsx,,,,,NOR-PONIENTE,,,,,Disponible,,,,1408B,DEPARTAMENTO,1 1/2D + 2B,,14.0,EDIFICIO THE PLACE,43.49,52.57,43.49,9.08,4794.82135076253,
,,,,,,,,,,,,,,,,,,,,,,,,,309A,4834.82135076253,Disponible,DEPARTAMENTO,45.37,The Place,Stock The Place.xlsx,,,,,SUR,,,,,Disponible,,,,309A,DEPARTAMENTO,1 1/2D + 2B,,3.0,EDIFICIO THE PLACE,45.37,54.45,45.37,9.08,4834.82135076253,
,,,,,,,,,,,,,,,,,,,,,,,,,108A,4838.82135076253,Disponible,DEPARTAMENTO,45.37,The Place,Stock The Place.xlsx,,,,,NORTE,,,,,Disponible,,,,108A,DEPARTAMENTO,1 1/2D + 2B,,1.0,EDIFICIO THE PLACE,45.37,54.45,45.37,9.08,4838.82135076253,
,,,,,,,,,,,,,,,,,,,,,,,,,809A,4879.82135076253,Disponible,DEPARTAMENTO,45.41,The Place,Stock The Place.xlsx,,,,,SUR,,,,,Disponible,,,,809A,DEPARTAMENTO,1 1/2D + 2B,,8.0,EDIFICIO THE PLACE,45.41,54.49,45.41,9.08,4879.82135076253,
,,,,,,,,,,,,,,,,,,,,,,,,,909A,4879.82135076253,Disponible,DEPARTAMENTO,45.41,The Place,Stock The Place.xlsx,,,,,SUR,,,,,Disponible,,,,909A,DEPARTAMENTO,1 1/2D + 2B,,9.0,EDIFICIO THE PLACE,45.41,54.49,45.41,9.08,4879.82135076253,
,,,,,,,,,,,,,,,,,,,,,,,,,1009A,4890.82135076253,Disponible,DEPARTAMENTO,45.41,The Place,Stock The Place.xlsx,,,,,SUR,,,,,Disponible,,,,1009A,DEPARTAMENTO,1 1/2D + 2B,,10.0,EDIFICIO THE PLACE,45.41,54.49,45.41,9.08,4890.82135076253,
,,,,,,,,,,,,,,,,,,,,,,,,,1109A,4890.82135076253,Disponible,DEPARTAMENTO,45.41,The Place,Stock The Place.xlsx,,,,,SUR,,,,,Disponible,,,,1109A,DEPARTAMENTO,1 1/2D + 2B,,11.0,EDIFICIO THE PLACE,45.41,54.49,45.41,9.08,4890.82135076253,
,,,,,,,,,,,,,,,,,,,,,,,,,608A,4890.82135076253,Disponible,DEPARTAMENTO,45.41,The Place,Stock The Place.xlsx,,,,,NORTE,,,,,Disponible,,,,608A,DEPARTAMENTO,1 1/2D + 2B,,6.0,EDIFICIO THE PLACE,45.41,54.49,45.41,9.08,4890.82135076253,
,,,,,,,,,,,,,,,,,,,,,,,,,708A,4893.82135076253,Disponible,DEPARTAMENTO,45.41,The Place,Stock The Place.xlsx,,,,,NORTE,,,,,Disponible,,,,708A,DEPARTAMENTO,1 1/2D + 2B,,7.0,EDIFICIO THE PLACE,45.41,54.49,45.41,9.08,4893.82135076253,
,,,,,,,,,,,,,,,,,,,,,,,,,1209A,4900.82135076253,Disponible,DEPARTAMENTO,45.41,The Place,Stock The Place.xlsx,,,,,SUR,,,,,Disponible,,,,1209A,DEPARTAMENTO,1 1/2D + 2B,,12.0,EDIFICIO THE PLACE,45.41,54.49,45.41,9.08,4900.82135076253,
,,,,,,,,,,,,,,,,,,,,,,,,,908A,4905.82135076253,Disponible,DEPARTAMENTO,45.41,The Place,Stock The Place.xlsx,,,,,NORTE,,,,,Disponible,,,,908A,DEPARTAMENTO,1 1/2D + 2B,,9.0,EDIFICIO THE PLACE,45.41,54.49,45.41,9.08,4905.82135076253,
,,,,,,,,,,,,,,,,,,,,,,,,,1309A,4912.82135076253,Disponible,DEPARTAMENTO,45.41,The Place,Stock The Place.xlsx,,,,,SUR,,,,,Disponible,,,,1309A,DEPARTAMENTO,1 1/2D + 2B,,13.0,EDIFICIO THE PLACE,45.41,54.49,45.41,9.08,4912.82135076253,
,,,,,,,,,,,,,,,,,,,,,,,,,1409A,4923.82135076253,Disponible,DEPARTAMENTO,45.41,The Place,Stock The Place.xlsx,,,,,SUR,,,,,Disponible,,,,1409A,DEPARTAMENTO,1 1/2D + 2B,,14.0,EDIFICIO THE PLACE,45.41,54.49,45.41,9.08,4923.82135076253,
,,,,,,,,,,,,,,,,,,,,,,,,,1008A,4928.82135076253,Disponible,DEPARTAMENTO,45.41,The Place,Stock The Place.xlsx,,,,,NORTE,,,,,Disponible,,,,1008A,DEPARTAMENTO,1 1/2D + 2B,,10.0,EDIFICIO THE PLACE,45.41,54.49,45.41,9.08,4928.82135076253,
,,,,,,,,,,,,,,,,,,,,,,,,,1509A,4935.82135076253,Disponible,DEPARTAMENTO,45.41,The Place,Stock The Place.xlsx,,,,,SUR,,,,,Disponible,,,,1509A,DEPARTAMENTO,1 1/2D + 2B,,15.0,EDIFICIO THE PLACE,45.41,54.49,45.41,9.08,4935.82135076253,
,,,,,,,,,,,,,,,,,,,,,,,,,701B,4941.82135076253,Disponible,DEPARTAMENTO,43.35,The Place,Stock The Place.xlsx,,,,,SUR,,,,,Disponible,,,,701B,DEPARTAMENTO,1 1/2D + 2B,,7.0,EDIFICIO THE PLACE,43.35,49.45,43.35,6.1,4941.82135076253,
,,,,,,,,,,,,,,,,,,,,,,,,,1208A,4942.82135076253,Disponible,DEPARTAMENTO,45.41,The Place,Stock The Place.xlsx,,,,,NORTE,,,,,Disponible,,,,1208A,DEPARTAMENTO,1 1/2D + 2B,,12.0,EDIFICIO THE PLACE,45.41,54.49,45.41,9.08,4942.82135076253,
,,,,,,,,,,,,,,,,,,,,,,,,,1609A,4946.82135076253,Disponible,DEPARTAMENTO,45.41,The Place,Stock The Place.xlsx,,,,,SUR,,,,,Disponible,,,,1609A,DEPARTAMENTO,1 1/2D + 2B,,16.0,EDIFICIO THE PLACE,45.41,54.49,45.41,9.08,4946.82135076253,
,,,,,,,,,,,,,,,,,,,,,,,,,1508A,4961.82135076253,Disponible,DEPARTAMENTO,45.41,The Place,Stock The Place.xlsx,,,,,NORTE,,,,,Disponible,,,,1508A,DEPARTAMENTO,1 1/2D + 2B,,15.0,EDIFICIO THE PLACE,45.41,54.49,45.41,9.08,4961.82135076253,
,,,,,,,,,,,,,,,,,,,,,,,,,1608A,4971.82135076253,Disponible,DEPARTAMENTO,45.41,The Place,Stock The Place.xlsx,,,,,NORTE,,,,,Disponible,,,,1608A,DEPARTAMENTO,1 1/2D + 2B,,16.0,EDIFICIO THE PLACE,45.41,54.49,45.41,9.08,4971.82135076253,
,,,,,,,,,,,,,,,,,,,,,,,,,1301B,5013.82135076253,Disponible,DEPARTAMENTO,43.35,The Place,Stock The Place.xlsx,,,,,SUR,,,,,Disponible,,,,1301B,DEPARTAMENTO,1 1/2D + 2B,,13.0,EDIFICIO THE PLACE,43.35,49.45,43.35,6.1,5013.82135076253,
,,,,,,,,,,,,,,,,,,,,,,,,,813A,5027.50590302765,Disponible,DEPARTAMENTO,47.45,The Place,Stock The Place.xlsx,,,,,SUR,,,,,Disponible,,,,813A,DEPARTAMENTO,2D + 2B,,8.0,EDIFICIO THE PLACE,47.45,57.59,47.45,10.14,5027.50590302765,
,,,,,,,,,,,,,,,,,,,,,,,,,1013A,5054.46364961274,Disponible,DEPARTAMENTO,47.45,The Place,Stock The Place.xlsx,,,,,SUR,,,,,Disponible,,,,1013A,DEPARTAMENTO,2D + 2B,,10.0,EDIFICIO THE PLACE,47.45,57.59,47.45,10.14,5054.46364961274,
,,,,,,,,,,,,,,,,,,,,,,,,,1113A,5064.83201368392,Disponible,DEPARTAMENTO,47.45,The Place,Stock The Place.xlsx,,,,,SUR,,,,,Disponible,,,,1113A,DEPARTAMENTO,2D + 2B,,11.0,EDIFICIO THE PLACE,47.45,57.59,47.45,10.14,5064.83201368392,
,,,,,,,,,,,,,,,,,,,,,,,,,1213A,5077.27405056935,Disponible,DEPARTAMENTO,47.45,The Place,Stock The Place.xlsx,,,,,SUR,,,,,Disponible,,,,1213A,DEPARTAMENTO,2D + 2B,,12.0,EDIFICIO THE PLACE,47.45,57.59,47.45,10.14,5077.27405056935,
,,,,,,,,,,,,,,,,,,,,,,,,,1313A,5088.67605664488,Disponible,DEPARTAMENTO,47.45,The Place,Stock The Place.xlsx,,,,,SUR,,,,,Disponible,,,,1313A,DEPARTAMENTO,2D + 2B,,13.0,EDIFICIO THE PLACE,47.45,57.59,47.45,10.14,5088.67605664488,
,,,,,,,,,,,,,,,,,,,,,,,,,1413A,5100.08445152595,Disponible,DEPARTAMENTO,47.45,The Place,Stock The Place.xlsx,,,,,SUR,,,,,Disponible,,,,1413A,DEPARTAMENTO,2D + 2B,,14.0,EDIFICIO THE PLACE,47.45,57.59,47.45,10.14,5100.08445152595,
,,,,,,,,,,,,,,,,,,,,,,,,,1613A,5122.89485248256,Disponible,DEPARTAMENTO,47.45,The Place,Stock The Place.xlsx,,,,,SUR,,,,,Disponible,,,,1613A,DEPARTAMENTO,2D + 2B,,16.0,EDIFICIO THE PLACE,47.45,57.59,47.45,10.14,5122.89485248256,
,,,,,,,,,,,,,,,,,,,,,,,,,409A,5186.82135076253,Disponible,DEPARTAMENTO,45.41,The Place,Stock The Place.xlsx,,,,,SUR,,,,,Disponible,,,,409A,DEPARTAMENTO,1 1/2D + 2B,,4.0,EDIFICIO THE PLACE,45.41,54.49,45.41,9.08,5186.82135076253,
,,,,,,,,,,,,,,,,,,,,,,,,,609A,5210.82135076253,Disponible,DEPARTAMENTO,45.41,The Place,Stock The Place.xlsx,,,,,SUR,,,,,Disponible,,,,609A,DEPARTAMENTO,1 1/2D + 2B,,6.0,EDIFICIO THE PLACE,45.41,54.49,45.41,9.08,5210.82135076253,
,,,,,,,,,,,,,,,,,,,,,,,,,709A,5210.82135076253,Disponible,DEPARTAMENTO,45.41,The Place,Stock The Place.xlsx,,,,,SUR,,,,,Disponible,,,,709A,DEPARTAMENTO,1 1/2D + 2B,,7.0,EDIFICIO THE PLACE,45.41,54.49,45.41,9.08,5210.82135076253,
,,,,,,,,,,,,,,,,,,,,,,,,,99,84.0,Disponible,BODEGA,3.15,The Place,Stock The Place.xlsx,,,,,,,,,,Disponible,,,,99,BODEGA,BODEGA - BODEGA,EDIFICIO THE PLACE_EDIFICIO THE PLACE_BOD-99-_EST-190-_,-2.0,EDIFICIO THE PLACE,3.15,3.15,3.15,0.0,84.0,
,,,,,,,,,,,,,,,,,,,,,,,,,98,84.0,Disponible,BODEGA,3.44,The Place,Stock The Place.xlsx,,,,,,,,,,Disponible,,,,98,BODEGA,BODEGA - BODEGA,EDIFICIO THE PLACE_EDIFICIO THE PLACE_BOD-98-_EST-189-_,-2.0,EDIFICIO THE PLACE,3.44,3.44,3.44,0.0,84.0,
,,,,,,,,,,,,,,,,,,,,,,,,,97,84.0,Disponible,BODEGA,3.47,The Place,Stock The Place.xlsx,,,,,,,,,,Disponible,,,,97,BODEGA,BODEGA - BODEGA,EDIFICIO THE PLACE_EDIFICIO THE PLACE_BOD-97-_EST-188-_,-2.0,EDIFICIO THE PLACE,3.47,3.47,3.47,0.0,84.0,
,,,,,,,,,,,,,,,,,,,,,,,,,96,84.0,Disponible,BODEGA,3.26,The Place,Stock The Place.xlsx,,,,,,,,,,Disponible,,,,96,BODEGA,BODEGA - BODEGA,EDIFICIO THE PLACE_EDIFICIO THE PLACE_EST-187-_BOD-96-_,-2.0,EDIFICIO THE PLACE,3.26,3.26,3.26,0.0,84.0,
,,,,,,,,,,,,,,,,,,,,,,,,,95,84.0,Disponible,BODEGA,3.41,The Place,Stock The Place.xlsx,,,,,,,,,,Disponible,,,,95,BODEGA,BODEGA - BODEGA,EDIFICIO THE PLACE_EDIFICIO THE PLACE_BOD-95-_EST-186-_,-2.0,EDIFICIO THE PLACE,3.41,3.41,3.41,0.0,84.0,
,,,,,,,,,,,,,,,,,,,,,,,,,94,84.0,Disponible,BODEGA,3.39,The Place,Stock The Place.xlsx,,,,,,,,,,Disponible,,,,94,BODEGA,BODEGA - BODEGA,EDIFICIO THE PLACE_EDIFICIO THE PLACE_BOD-94-_EST-185-_,-2.0,EDIFICIO THE PLACE,3.39,3.39,3.39,0.0,84.0,
,,,,,,,,,,,,,,,,,,,,,,,,,93,84.0,Disponible,BODEGA,3.87,The Place,Stock The Place.xlsx,,,,,,,,,,Disponible,,,,93,BODEGA,BODEGA - BODEGA,EDIFICIO THE PLACE_EDIFICIO THE PLACE_BOD-93-_EST-184-_,-2.0,EDIFICIO THE PLACE,3.87,3.87,3.87,0.0,84.0,
,,,,,,,,,,,,,,,,,,,,,,,,,90,84.0,Disponible,BODEGA,3.44,The Place,Stock The Place.xlsx,,,,,,,,,,Disponible,,,,90,BODEGA,BODEGA - BODEGA,EDIFICIO THE PLACE_EDIFICIO THE PLACE_EST-183-_BOD-90-_,-2.0,EDIFICIO THE PLACE,3.44,3.44,3.44,0.0,84.0,
,,,,,,,,,,,,,,,,,,,,,,,,,89,84.0,Disponible,BODEGA,2.55,The Place,Stock The Place.xlsx,,,,,,,,,,Disponible,,,,89,BODEGA,BODEGA - BODEGA,,-2.0,EDIFICIO THE PLACE,2.55,2.55,2.55,0.0,84.0,
,,,,,,,,,,,,,,,,,,,,,,,,,88,84.0,Disponible,BODEGA,3.44,The Place,Stock The Place.xlsx,,,,,,,,,,Disponible,,,,88,BODEGA,BODEGA - BODEGA,EDIFICIO THE PLACE_EDIFICIO THE PLACE_BOD-88-_EST-182-_,-2.0,EDIFICIO THE PLACE,3.44,3.44,3.44,0.0,84.0,
,,,,,,,,,,,,,,,,,,,,,,,,,85,84.0,Disponible,BODEGA,4.07,The Place,Stock The Place.xlsx,,,,,,,,,,Disponible,,,,85,BODEGA,BODEGA - BODEGA,EDIFICIO THE PLACE_EDIFICIO THE PLACE_BOD-85-_EST-179-_,-2.0,EDIFICIO THE PLACE,4.07,4.07,4.07,0.0,84.0,
,,,,,,,,,,,,,,,,,,,,,,,,,84,84.0,Disponible,BODEGA,3.22,The Place,Stock The Place.xlsx,,,,,,,,,,Disponible,,,,84,BODEGA,BODEGA - BODEGA,EDIFICIO THE PLACE_EDIFICIO THE PLACE_EST-178-_BOD-84-_,-2.0,EDIFICIO THE PLACE,3.22,3.22,3.22,0.0,84.0,
,,,,,,,,,,,,,,,,,,,,,,,,,83,84.0,Disponible,BODEGA,3.95,The Place,Stock The Place.xlsx,,,,,,,,,,Disponible,,,,83,BODEGA,BODEGA - BODEGA,EDIFICIO THE PLACE_EDIFICIO THE PLACE_EST-177-_BOD-83-_,-2.0,EDIFICIO THE PLACE,3.95,3.95,3.95,0.0,84.0,
,,,,,,,,,,,,,,,,,,,,,,,,,82,84.0,Disponible,BODEGA,5.3,The Place,Stock The Place.xlsx,,,,,,,,,,Disponible,,,,82,BODEGA,BODEGA - BODEGA,EDIFICIO THE PLACE_EDIFICIO THE PLACE_BOD-82-_EST-176-_,-2.0,EDIFICIO THE PLACE,5.3,5.3,5.3,0.0,84.0,
,,,,,,,,,,,,,,,,,,,,,,,,,81,84.0,Disponible,BODEGA,2.92,The Place,Stock The Place.xlsx,,,,,,,,,,Disponible,,,,81,BODEGA,BODEGA - BODEGA,EDIFICIO THE PLACE_EDIFICIO THE PLACE_BOD-81-_EST-175-_,-2.0,EDIFICIO THE PLACE,2.92,2.92,2.92,0.0,84.0,
,,,,,,,,,,,,,,,,,,,,,,,,,80,84.0,Disponible,BODEGA,2.76,The Place,Stock The Place.xlsx,,,,,,,,,,Disponible,,,,80,BODEGA,BODEGA - BODEGA,EDIFICIO THE PLACE_EDIFICIO THE PLACE_EST-174-_BOD-80-_,-2.0,EDIFICIO THE PLACE,2.76,2.76,2.76,0.0,84.0,
,,,,,,,,,,,,,,,,,,,,,,,,,79,84.0,Disponible,BODEGA,3.64,The Place,Stock The Place.xlsx,,,,,,,,,,Disponible,,,,79,BODEGA,BODEGA - BODEGA,EDIFICIO THE PLACE_EDIFICIO THE PLACE_BOD-79-_EST-166-_,-2.0,EDIFICIO THE PLACE,3.64,3.64,3.64,0.0,84.0,
,,,,,,,,,,,,,,,,,,,,,,,,,78,84.0,Disponible,BODEGA,2.87,The Place,Stock The Place.xlsx,,,,,,,,,,Disponible,,,,78,BODEGA,BODEGA - BODEGA,EDIFICIO THE PLACE_EDIFICIO THE PLACE_EST-163-_BOD-78-_,-2.0,EDIFICIO THE PLACE,2.87,2.87,2.87,0.0,84.0,
,,,,,,,,,,,,,,,,,,,,,,,,,77,84.0,Disponible,BODEGA,3.04,The Place,Stock The Place.xlsx,,,,,,,,,,Disponible,,,,77,BODEGA,BODEGA - BODEGA,EDIFICIO THE PLACE_EDIFICIO THE PLACE_BOD-77-_EST-162-_,-2.0,EDIFICIO THE PLACE,3.04,3.04,3.04,0.0,84.0,
,,,,,,,,,,,,,,,,,,,,,,,,,76,84.0,Disponible,BODEGA,4.11,The Place,Stock The Place.xlsx,,,,,,,,,,Disponible,,,,76,BODEGA,BODEGA - BODEGA,EDIFICIO THE PLACE_EDIFICIO THE PLACE_BOD-76-_EST-160-_,-2.0,EDIFICIO THE PLACE,4.11,4.11,4.11,0.0,84.0,
,,,,,,,,,,,,,,,,,,,,,,,,,75,84.0,Disponible,BODEGA,3.59,The Place,Stock The Place.xlsx,,,,,,,,,,Disponible,,,,75,BODEGA,BODEGA - BODEGA,EDIFICIO THE PLACE_EDIFICIO THE PLACE_EST-159-_BOD-75-_,-2.0,EDIFICIO THE PLACE,3.59,3.59,3.59,0.0,84.0,
,,,,,,,,,,,,,,,,,,,,,,,,,74,84.0,Disponible,BODEGA,3.9,The Place,Stock The Place.xlsx,,,,,,,,,,Disponible,,,,74,BODEGA,BODEGA - BODEGA,EDIFICIO THE PLACE_EDIFICIO THE PLACE_EST-158-_BOD-74-_,-2.0,EDIFICIO THE PLACE,3.9,3.9,3.9,0.0,84.0,
,,,,,,,,,,,,,,,,,,,,,,,,,7,90.0,Disponible,BODEGA,3.35,The Place,Stock The Place.xlsx,,,,,,,,,,Disponible,,,,7,BODEGA,BODEGA - BODEGA,,-1.0,EDIFICIO THE PLACE,3.35,3.35,3.35,0.0,90.0,
,,,,,,,,,,,,,,,,,,,,,,,,,68,84.0,Disponible,BODEGA,3.7,The Place,Stock The Place.xlsx,,,,,,,,,,Disponible,,,,68,BODEGA,BODEGA - BODEGA,EDIFICIO THE PLACE_EDIFICIO THE PLACE_EST-150-_BOD-68-_,-2.0,EDIFICIO THE PLACE,3.7,3.7,3.7,0.0,84.0,
,,,,,,,,,,,,,,,,,,,,,,,,,67,84.0,Disponible,BODEGA,3.6,The Place,Stock The Place.xlsx,,,,,,,,,,Disponible,,,,67,BODEGA,BODEGA - BODEGA,EDIFICIO THE PLACE_EDIFICIO THE PLACE_BOD-67-_EST-149-_,-2.0,EDIFICIO THE PLACE,3.6,3.6,3.6,0.0,84.0,
,,,,,,,,,,,,,,,,,,,,,,,,,66,84.0,Disponible,BODEGA,3.81,The Place,Stock The Place.xlsx,,,,,,,,,,Disponible,,,,66,BODEGA,BODEGA - BODEGA,EDIFICIO THE PLACE_EDIFICIO THE PLACE_EST-148-_BOD-66-_,-2.0,EDIFICIO THE PLACE,3.81,3.81,3.81,0.0,84.0,
,,,,,,,,,,,,,,,,,,,,,,,,,65,84.0,Disponible,BODEGA,3.7,The Place,Stock The Place.xlsx,,,,,,,,,,Disponible,,,,65,BODEGA,BODEGA - BODEGA,EDIFICIO THE PLACE_EDIFICIO THE PLACE_BOD-65-_EST-147-_,-2.0,EDIFICIO THE PLACE,3.7,3.7,3.7,0.0,84.0,
,,,,,,,,,,,,,,,,,,,,,,,,,64,84.0,Disponible,BODEGA,3.62,The Place,Stock The Place.xlsx,,,,,,,,,,Disponible,,,,64,BODEGA,BODEGA - BODEGA,EDIFICIO THE PLACE_EDIFICIO THE PLACE_BOD-64-_EST-146-_,-2.0,EDIFICIO THE PLACE,3.62,3.62,3.62,0.0,84.0,
,,,,,,,,,,,,,,,,,,,,,,,,,147,390.0,Disponible,ESTACIONAMIENTO,12.5,The Place,Stock The Place.xlsx,,,,,,,,,,Disponible,,,,147,ESTACIONAMIENTO,ESTACIONAMIENTO - ESTACIONAMIENTO,EDIFICIO THE PLACE_EDIFICIO THE PLACE_BOD-65-_EST-147-_,-2.0,EDIFICIO THE PLACE,12.5,12.5,12.5,0.0,390.0,
,,,,,,,,,,,,,,,,,,,,,,,,,162,390.0,Disponible,ESTACIONAMIENTO,12.5,The Place,Stock The Place.xlsx,,,,,,,,,,Disponible,,,,162,ESTACIONAMIENTO,ESTACIONAMIENTO - ESTACIONAMIENTO,EDIFICIO THE PLACE_EDIFICIO THE PLACE_BOD-77-_EST-162-_,-2.0,EDIFICIO THE PLACE,12.5,12.5,12.5,0.0,390.0,
,,,,,,,,,,,,,,,,,,,,,,,,,63,84.0,Disponible,BODEGA,3.72,The Place,Stock The Place.xlsx,,,,,,,,,,Disponible,,,,63,BODEGA,BODEGA - BODEGA,EDIFICIO THE PLACE_EDIFICIO THE PLACE_BOD-63-_EST-145-_,-2.0,EDIFICIO THE PLACE,3.72,3.72,3.72,0.0,84.0,
,,,,,,,,,,,,,,,,,,,,,,,,,62,84.0,Disponible,BODEGA,3.65,The Place,Stock The Place.xlsx,,,,,,,,,,Disponible,,,,62,BODEGA,BODEGA - BODEGA,EDIFICIO THE PLACE_EDIFICIO THE PLACE_BOD-62-_EST-144-_,-2.0,EDIFICIO THE PLACE,3.65,3.65,3.65,0.0,84.0,
,,,,,,,,,,,,,,,,,,,,,,,,,166,390.0,Disponible,ESTACIONAMIENTO,13.5,The Place,Stock The Place.xlsx,,,,,,,,,,Disponible,,,,166,ESTACIONAMIENTO,ESTACIONAMIENTO - ESTACIONAMIENTO,EDIFICIO THE PLACE_EDIFICIO THE PLACE_BOD-79-_EST-166-_,-2.0,EDIFICIO THE PLACE,13.5,13.5,13.5,0.0,390.0,
,,,,,,,,,,,,,,,,,,,,,,,,,61,84.0,Disponible,BODEGA,3.57,The Place,Stock The Place.xlsx,,,,,,,,,,Disponible,,,,61,BODEGA,BODEGA - BODEGA,EDIFICIO THE PLACE_EDIFICIO THE PLACE_EST-143-_BOD-61-_,-2.0,EDIFICIO THE PLACE,3.57,3.57,3.57,0.0,84.0,
,,,,,,,,,,,,,,,,,,,,,,,,,60,84.0,Disponible,BODEGA,2.81,The Place,Stock The Place.xlsx,,,,,,,,,,Disponible,,,,60,BODEGA,BODEGA - BODEGA,,-2.0,EDIFICIO THE PLACE,2.81,2.81,2.81,0.0,84.0,
,,,,,,,,,,,,,,,,,,,,,,,,,57,84.0,Disponible,BODEGA,1.98,The Place,Stock The Place.xlsx,,,,,,,,,,Disponible,,,,57,BODEGA,BODEGA - BODEGA,,-2.0,EDIFICIO THE PLACE,1.98,1.98,1.98,0.0,84.0,
,,,,,,,,,,,,,,,,,,,,,,,,,183,390.0,Disponible,ESTACIONAMIENTO,14.25,The Place,Stock The Place.xlsx,,,,,,,,,,Disponible,,,,183,ESTACIONAMIENTO,ESTACIONAMIENTO - ESTACIONAMIENTO,EDIFICIO THE PLACE_EDIFICIO THE PLACE_EST-183-_BOD-90-_,-2.0,EDIFICIO THE PLACE,14.25,14.25,14.25,0.0,390.0,
,,,,,,,,,,,,,,,,,,,,,,,,,144,390.0,Disponible,ESTACIONAMIENTO,13.7,The Place,Stock The Place.xlsx,,,,,,,,,,Disponible,,,,144,ESTACIONAMIENTO,ESTACIONAMIENTO - ESTACIONAMIENTO,EDIFICIO THE PLACE_EDIFICIO THE PLACE_BOD-62-_EST-144-_,-2.0,EDIFICIO THE PLACE,13.7,13.7,13.7,0.0,390.0,
,,,,,,,,,,,,,,,,,,,,,,,,,56,84.0,Disponible,BODEGA,2.07,The Place,Stock The Place.xlsx,,,,,,,,,,Disponible,,,,56,BODEGA,BODEGA - BODEGA,,-2.0,EDIFICIO THE PLACE,2.07,2.07,2.07,0.0,84.0,
,,,,,,,,,,,,,,,,,,,,,,,,,5,90.0,Disponible,BODEGA,3.6,The Place,Stock The Place.xlsx,,,,,,,,,,Disponible,,,,5,BODEGA,BODEGA - BODEGA,EDIFICIO THE PLACE_EDIFICIO THE PLACE_EST-47-_BOD-05-_,-1.0,EDIFICIO THE PLACE,3.6,3.6,3.6,0.0,90.0,
,,,,,,,,,,,,,,,,,,,,,,,,,145,390.0,Disponible,ESTACIONAMIENTO,12.95,The Place,Stock The Place.xlsx,,,,,,,,,,Disponible,,,,145,ESTACIONAMIENTO,ESTACIONAMIENTO - ESTACIONAMIENTO,EDIFICIO THE PLACE_EDIFICIO THE PLACE_BOD-63-_EST-145-_,-2.0,EDIFICIO THE PLACE,12.95,12.95,12.95,0.0,390.0,
,,,,,,,,,,,,,,,,,,,,,,,,,146,390.0,Disponible,ESTACIONAMIENTO,12.5,The Place,Stock The Place.xlsx,,,,,,,,,,Disponible,,,,146,ESTACIONAMIENTO,ESTACIONAMIENTO - ESTACIONAMIENTO,EDIFICIO THE PLACE_EDIFICIO THE PLACE_BOD-64-_EST-146-_,-2.0,EDIFICIO THE PLACE,12.5,12.5,12.5,0.0,390.0,
,,,,,,,,,,,,,,,,,,,,,,,,,48,90.0,Disponible,BODEGA,2.68,The Place,Stock The Place.xlsx,,,,,,,,,,Disponible,,,,48,BODEGA,BODEGA - BODEGA,,-1.0,EDIFICIO THE PLACE,2.68,2.68,2.68,0.0,90.0,
,,,,,,,,,,,,,,,,,,,,,,,,,47,90.0,Disponible,BODEGA,4.44,The Place,Stock The Place.xlsx,,,,,,,,,,Disponible,,,,47,BODEGA,BODEGA - BODEGA,EDIFICIO THE PLACE_EDIFICIO THE PLACE_BOD-47-_EST-94-_,-1.0,EDIFICIO THE PLACE,4.44,4.44,4.44,0.0,90.0,
,,,,,,,,,,,,,,,,,,,,,,,,,191,390.0,Disponible,ESTACIONAMIENTO,13.55,The Place,Stock The Place.xlsx,,,,,,,,,,Disponible,,,,191,ESTACIONAMIENTO,ESTACIONAMIENTO - ESTACIONAMIENTO,EDIFICIO THE PLACE_EDIFICIO THE PLACE_BOD-100-_EST-191-_,-2.0,EDIFICIO THE PLACE,13.55,13.55,13.55,0.0,390.0,
,,,,,,,,,,,,,,,,,,,,,,,,,46,90.0,Disponible,BODEGA,2.61,The Place,Stock The Place.xlsx,,,,,,,,,,Disponible,,,,46,BODEGA,BODEGA - BODEGA,,-1.0,EDIFICIO THE PLACE,2.61,2.61,2.61,0.0,90.0,
,,,,,,,,,,,,,,,,,,,,,,,,,4,90.0,Disponible,BODEGA,3.81,The Place,Stock The Place.xlsx,,,,,,,,,,Disponible,,,,4,BODEGA,BODEGA - BODEGA,EDIFICIO THE PLACE_EDIFICIO THE PLACE_EST-46-_BOD-04-_,-1.0,EDIFICIO THE PLACE,3.81,3.81,3.81,0.0,90.0,
,,,,,,,,,,,,,,,,,,,,,,,,,149,390.0,Disponible,ESTACIONAMIENTO,12.5,The Place,Stock The Place.xlsx,,,,,,,,,,Disponible,,,,149,ESTACIONAMIENTO,ESTACIONAMIENTO - ESTACIONAMIENTO,EDIFICIO THE PLACE_EDIFICIO THE PLACE_BOD-67-_EST-149-_,-2.0,EDIFICIO THE PLACE,12.5,12.5,12.5,0.0,390.0,
,,,,,,,,,,,,,,,,,,,,,,,,,39,90.0,Disponible,BODEGA,2.81,The Place,Stock The Place.xlsx,,,,,,,,,,Disponible,,,,39,BODEGA,BODEGA - BODEGA,,-1.0,EDIFICIO THE PLACE,2.81,2.81,2.81,0.0,90.0,
,,,,,,,,,,,,,,,,,,,,,,,,,33,90.0,Disponible,BODEGA,2.36,The Place,Stock The Place.xlsx,,,,,,,,,,Disponible,,,,33,BODEGA,BODEGA - BODEGA,,-1.0,EDIFICIO THE PLACE,2.36,2.36,2.36,0.0,90.0,
,,,,,,,,,,,,,,,,,,,,,,,,,160,390.0,Disponible,ESTACIONAMIENTO,12.5,The Place,Stock The Place.xlsx,,,,,,,,,,Disponible,,,,160,ESTACIONAMIENTO,ESTACIONAMIENTO - ESTACIONAMIENTO,EDIFICIO THE PLACE_EDIFICIO THE PLACE_BOD-76-_EST-160-_,-2.0,EDIFICIO THE PLACE,12.5,12.5,12.5,0.0,390.0,
,,,,,,,,,,,,,,,,,,,,,,,,,209,390.0,Disponible,ESTACIONAMIENTO,13.55,The Place,Stock The Place.xlsx,,,,,,,,,,Disponible,,,,209,ESTACIONAMIENTO,ESTACIONAMIENTO - ESTACIONAMIENTO,EDIFICIO THE PLACE_EDIFICIO THE PLACE_BOD-174-_EST-209-_,-2.0,EDIFICIO THE PLACE,13.55,13.55,13.55,0.0,390.0,
,,,,,,,,,,,,,,,,,,,,,,,,,210,390.0,Disponible,ESTACIONAMIENTO,13.75,The Place,Stock The Place.xlsx,,,,,,,,,,Disponible,,,,210,ESTACIONAMIENTO,ESTACIONAMIENTO - ESTACIONAMIENTO,EDIFICIO THE PLACE_EDIFICIO THE PLACE_BOD-173-_EST-210-_,-2.0,EDIFICIO THE PLACE,13.75,13.75,13.75,0.0,390.0,
,,,,,,,,,,,,,,,,,,,,,,,,,44,395.0,Disponible,ESTACIONAMIENTO,12.5,The Place,Stock The Place.xlsx,,,,,,,,,,Disponible,,,,44,ESTACIONAMIENTO,ESTACIONAMIENTO - ESTACIONAMIENTO,EDIFICIO THE PLACE_EDIFICIO THE PLACE_BOD-02-_EST-44-_,-1.0,EDIFICIO THE PLACE,12.5,12.5,12.5,0.0,395.0,
,,,,,,,,,,,,,,,,,,,,,,,,,45,395.0,Disponible,ESTACIONAMIENTO,12.5,The Place,Stock The Place.xlsx,,,,,,,,,,Disponible,,,,45,ESTACIONAMIENTO,ESTACIONAMIENTO - ESTACIONAMIENTO,EDIFICIO THE PLACE_EDIFICIO THE PLACE_EST-45-_BOD-03-_,-1.0,EDIFICIO THE PLACE,12.5,12.5,12.5,0.0,395.0,
,,,,,,,,,,,,,,,,,,,,,,,,,323,84.0,Disponible,BODEGA,1.85,The Place,Stock The Place.xlsx,,,,,,,,,,Disponible,,,,323,BODEGA,BODEGA - BODEGA,,2.0,EDIFICIO THE PLACE,1.85,1.85,1.85,0.0,84.0,
,,,,,,,,,,,,,,,,,,,,,,,,,57,395.0,Disponible,ESTACIONAMIENTO,12.5,The Place,Stock The Place.xlsx,,,,,,,,,,Disponible,,,,57,ESTACIONAMIENTO,ESTACIONAMIENTO - ESTACIONAMIENTO,EDIFICIO THE PLACE_EDIFICIO THE PLACE_BOD-12-_EST-57-_,-1.0,EDIFICIO THE PLACE,12.5,12.5,12.5,0.0,395.0,
,,,,,,,,,,,,,,,,,,,,,,,,,74,395.0,Disponible,ESTACIONAMIENTO,12.5,The Place,Stock The Place.xlsx,,,,,,,,,,Disponible,,,,74,ESTACIONAMIENTO,ESTACIONAMIENTO - ESTACIONAMIENTO,EDIFICIO THE PLACE_EDIFICIO THE PLACE_BOD-30-_EST-74-_,-1.0,EDIFICIO THE PLACE,12.5,12.5,12.5,0.0,395.0,
,,,,,,,,,,,,,,,,,,,,,,,,,322,73.0,Disponible,BODEGA,1.89,The Place,Stock The Place.xlsx,,,,,,,,,,Disponible,,,,322,BODEGA,BODEGA - BODEGA,,2.0,EDIFICIO THE PLACE,1.89,1.89,1.89,0.0,73.0,
,,,,,,,,,,,,,,,,,,,,,,,,,321,73.0,Disponible,BODEGA,1.75,The Place,Stock The Place.xlsx,,,,,,,,,,Disponible,,,,321,BODEGA,BODEGA - BODEGA,,2.0,EDIFICIO THE PLACE,1.75,1.75,1.75,0.0,73.0,
,,,,,,,,,,,,,,,,,,,,,,,,,39,395.0,Disponible,ESTACIONAMIENTO,12.55,The Place,Stock The Place.xlsx,,,,,,,,,,Disponible,,,,39,ESTACIONAMIENTO,ESTACIONAMIENTO - ESTACIONAMIENTO,,-1.0,EDIFICIO THE PLACE,12.55,12.55,12.55,0.0,395.0,
,,,,,,,,,,,,,,,,,,,,,,,,,67,395.0,Disponible,ESTACIONAMIENTO,13.65,The Place,Stock The Place.xlsx,,,,,,,,,,Disponible,,,,67,ESTACIONAMIENTO,ESTACIONAMIENTO - ESTACIONAMIENTO,EDIFICIO THE PLACE_EDIFICIO THE PLACE_BOD-21-_EST-67-_,-1.0,EDIFICIO THE PLACE,13.65,13.65,13.65,0.0,395.0,
,,,,,,,,,,,,,,,,,,,,,,,,,18,395.0,Disponible,ESTACIONAMIENTO,12.5,The Place,Stock The Place.xlsx,,,,,,,,,,Disponible,,,,18,ESTACIONAMIENTO,ESTACIONAMIENTO - ESTACIONAMIENTO,,-1.0,EDIFICIO THE PLACE,12.5,12.5,12.5,0.0,395.0,
,,,,,,,,,,,,,,,,,,,,,,,,,320,73.0,Disponible,BODEGA,2.04,The Place,Stock The Place.xlsx,,,,,,,,,,Disponible,,,,320,BODEGA,BODEGA - BODEGA,,2.0,EDIFICIO THE PLACE,2.04,2.04,2.04,0.0,73.0,
,,,,,,,,,,,,,,,,,,,,,,,,,319,73.0,Disponible,BODEGA,2.0,The Place,Stock The Place.xlsx,,,,,,,,,,Disponible,,,,319,BODEGA,BODEGA - BODEGA,,2.0,EDIFICIO THE PLACE,2.0,2.0,2.0,0.0,73.0,
,,,,,,,,,,,,,,,,,,,,,,,,,66,395.0,Disponible,ESTACIONAMIENTO,13.65,The Place,Stock The Place.xlsx,,,,,,,,,,Disponible,,,,66,ESTACIONAMIENTO,ESTACIONAMIENTO - ESTACIONAMIENTO,EDIFICIO THE PLACE_EDIFICIO THE PLACE_EST-66-_BOD-20-_,-1.0,EDIFICIO THE PLACE,13.65,13.65,13.65,0.0,395.0,
,,,,,,,,,,,,,,,,,,,,,,,,,318,73.0,Disponible,BODEGA,1.76,The Place,Stock The Place.xlsx,,,,,,,,,,Disponible,,,,318,BODEGA,BODEGA - BODEGA,,2.0,EDIFICIO THE PLACE,1.76,1.76,1.76,0.0,73.0,
,,,,,,,,,,,,,,,,,,,,,,,,,317,73.0,Disponible,BODEGA,1.99,The Place,Stock The Place.xlsx,,,,,,,,,,Disponible,,,,317,BODEGA,BODEGA - BODEGA,,2.0,EDIFICIO THE PLACE,1.99,1.99,1.99,0.0,73.0,
,,,,,,,,,,,,,,,,,,,,,,,,,17,395.0,Disponible,ESTACIONAMIENTO,12.5,The Place,Stock The Place.xlsx,,,,,,,,,,Disponible,,,,17,ESTACIONAMIENTO,ESTACIONAMIENTO - ESTACIONAMIENTO,,-1.0,EDIFICIO THE PLACE,12.5,12.5,12.5,0.0,395.0,
,,,,,,,,,,,,,,,,,,,,,,,,,315,73.0,Disponible,BODEGA,2.04,The Place,Stock The Place.xlsx,,,,,,,,,,Disponible,,,,315,BODEGA,BODEGA - BODEGA,,2.0,EDIFICIO THE PLACE,2.04,2.04,2.04,0.0,73.0,
,,,,,,,,,,,,,,,,,,,,,,,,,314,73.0,Disponible,BODEGA,2.07,The Place,Stock The Place.xlsx,,,,,,,,,,Disponible,,,,314,BODEGA,BODEGA - BODEGA,,2.0,EDIFICIO THE PLACE,2.07,2.07,2.07,0.0,73.0,
,,,,,,,,,,,,,,,,,,,,,,,,,5,395.0,Disponible,ESTACIONAMIENTO,12.5,The Place,Stock The Place.xlsx,,,,,,,,,,Disponible,,,,5,ESTACIONAMIENTO,ESTACIONAMIENTO - ESTACIONAMIENTO,,-1.0,EDIFICIO THE PLACE,12.5,12.5,12.5,0.0,395.0,
,,,,,,,,,,,,,,,,,,,,,,,,,313,73.0,Disponible,BODEGA,2.59,The Place,Stock The Place.xlsx,,,,,,,,,,Disponible,,,,313,BODEGA,BODEGA - BODEGA,,2.0,EDIFICIO THE PLACE,2.59,2.59,2.59,0.0,73.0,
,,,,,,,,,,,,,,,,,,,,,,,,,85,395.0,Disponible,ESTACIONAMIENTO,12.5,The Place,Stock The Place.xlsx,,,,,,,,,,Disponible,,,,85,ESTACIONAMIENTO,ESTACIONAMIENTO - ESTACIONAMIENTO,,-1.0,EDIFICIO THE PLACE,12.5,12.5,12.5,0.0,395.0,
,,,,,,,,,,,,,,,,,,,,,,,,,312,73.0,Disponible,BODEGA,2.43,The Place,Stock The Place.xlsx,,,,,,,,,,Disponible,,,,312,BODEGA,BODEGA - BODEGA,,2.0,EDIFICIO THE PLACE,2.43,2.43,2.43,0.0,73.0,
,,,,,,,,,,,,,,,,,,,,,,,,,311,73.0,Disponible,BODEGA,1.55,The Place,Stock The Place.xlsx,,,,,,,,,,Disponible,,,,311,BODEGA,BODEGA - BODEGA,,2.0,EDIFICIO THE PLACE,1.55,1.55,1.55,0.0,73.0,
,,,,,,,,,,,,,,,,,,,,,,,,,7,395.0,Disponible,ESTACIONAMIENTO,12.5,The Place,Stock The Place.xlsx,,,,,,,,,,Disponible,,,,7,ESTACIONAMIENTO,ESTACIONAMIENTO - ESTACIONAMIENTO,,-1.0,EDIFICIO THE PLACE,12.5,12.5,12.5,0.0,395.0,
,,,,,,,,,,,,,,,,,,,,,,,,,31,90.0,Disponible,BODEGA,3.44,The Place,Stock The Place.xlsx,,,,,,,,,,Disponible,,,,31,BODEGA,BODEGA - BODEGA,EDIFICIO THE PLACE_EDIFICIO THE PLACE_EST-75-_BOD-31-_,-1.0,EDIFICIO THE PLACE,3.44,3.44,3.44,0.0,90.0,
,,,,,,,,,,,,,,,,,,,,,,,,,21,395.0,Disponible,ESTACIONAMIENTO,12.5,The Place,Stock The Place.xlsx,,,,,,,,,,Disponible,,,,21,ESTACIONAMIENTO,ESTACIONAMIENTO - ESTACIONAMIENTO,,-1.0,EDIFICIO THE PLACE,12.5,12.5,12.5,0.0,395.0,
,,,,,,,,,,,,,,,,,,,,,,,,,309,73.0,Disponible,BODEGA,1.52,The Place,Stock The Place.xlsx,,,,,,,,,,Disponible,,,,309,BODEGA,BODEGA - BODEGA,,2.0,EDIFICIO THE PLACE,1.52,1.52,1.52,0.0,73.0,
,,,,,,,,,,,,,,,,,,,,,,,,,90,395.0,Disponible,ESTACIONAMIENTO,13.0,The Place,Stock The Place.xlsx,,,,,,,,,,Disponible,,,,90,ESTACIONAMIENTO,ESTACIONAMIENTO - ESTACIONAMIENTO,,-1.0,EDIFICIO THE PLACE,13.0,13.0,13.0,0.0,395.0,
,,,,,,,,,,,,,,,,,,,,,,,,,86,395.0,Disponible,ESTACIONAMIENTO,12.5,The Place,Stock The Place.xlsx,,,,,,,,,,Disponible,,,,86,ESTACIONAMIENTO,ESTACIONAMIENTO - ESTACIONAMIENTO,,-1.0,EDIFICIO THE PLACE,12.5,12.5,12.5,0.0,395.0,
,,,,,,,,,,,,,,,,,,,,,,,,,46,395.0,Disponible,ESTACIONAMIENTO,12.5,The Place,Stock The Place.xlsx,,,,,,,,,,Disponible,,,,46,ESTACIONAMIENTO,ESTACIONAMIENTO - ESTACIONAMIENTO,EDIFICIO THE PLACE_EDIFICIO THE PLACE_EST-46-_BOD-04-_,-1.0,EDIFICIO THE PLACE,12.5,12.5,12.5,0.0,395.0,
,,,,,,,,,,,,,,,,,,,,,,,,,308,73.0,Disponible,BODEGA,2.21,The Place,Stock The Place.xlsx,,,,,,,,,,Disponible,,,,308,BODEGA,BODEGA - BODEGA,,2.0,EDIFICIO THE PLACE,2.21,2.21,2.21,0.0,73.0,
,,,,,,,,,,,,,,,,,,,,,,,,,307,90.0,Disponible,BODEGA,2.09,The Place,Stock The Place.xlsx,,,,,,,,,,Disponible,,,,307,BODEGA,BODEGA - BODEGA,,1.0,EDIFICIO THE PLACE,2.09,2.09,2.09,0.0,90.0,
,,,,,,,,,,,,,,,,,,,,,,,,,306,90.0,Disponible,BODEGA,1.71,The Place,Stock The Place.xlsx,,,,,,,,,,Disponible,,,,306,BODEGA,BODEGA - BODEGA,,1.0,EDIFICIO THE PLACE,1.71,1.71,1.71,0.0,90.0,
,,,,,,,,,,,,,,,,,,,,,,,,,72,395.0,Disponible,ESTACIONAMIENTO,12.5,The Place,Stock The Place.xlsx,,,,,,,,,,Disponible,,,,72,ESTACIONAMIENTO,ESTACIONAMIENTO - ESTACIONAMIENTO,EDIFICIO THE PLACE_EDIFICIO THE PLACE_BOD-28-_EST-72-_,-1.0,EDIFICIO THE PLACE,12.5,12.5,12.5,0.0,395.0,
,,,,,,,,,,,,,,,,,,,,,,,,,305,90.0,Disponible,BODEGA,1.68,The Place,Stock The Place.xlsx,,,,,,,,,,Disponible,,,,305,BODEGA,BODEGA - BODEGA,,1.0,EDIFICIO THE PLACE,1.68,1.68,1.68,0.0,90.0,
,,,,,,,,,,,,,,,,,,,,,,,,,88,395.0,Disponible,ESTACIONAMIENTO,12.5,The Place,Stock The Place.xlsx,,,,,,,,,,Disponible,,,,88,ESTACIONAMIENTO,ESTACIONAMIENTO - ESTACIONAMIENTO,,-1.0,EDIFICIO THE PLACE,12.5,12.5,12.5,0.0,395.0,
,,,,,,,,,,,,,,,,,,,,,,,,,304,90.0,Disponible,BODEGA,2.1,The Place,Stock The Place.xlsx,,,,,,,,,,Disponible,,,,304,BODEGA,BODEGA - BODEGA,,1.0,EDIFICIO THE PLACE,2.1,2.1,2.1,0.0,90.0,
,,,,,,,,,,,,,,,,,,,,,,,,,303,89.0,Disponible,BODEGA,2.49,The Place,Stock The Place.xlsx,,,,,,,,,,Disponible,,,,303,BODEGA,BODEGA - BODEGA,,1.0,EDIFICIO THE PLACE,2.49,2.49,2.49,0.0,89.0,
,,,,,,,,,,,,,,,,,,,,,,,,,58,395.0,Disponible,ESTACIONAMIENTO,12.5,The Place,Stock The Place.xlsx,,,,,,,,,,Disponible,,,,58,ESTACIONAMIENTO,ESTACIONAMIENTO - ESTACIONAMIENTO,,-1.0,EDIFICIO THE PLACE,12.5,12.5,12.5,0.0,395.0,
,,,,,,,,,,,,,,,,,,,,,,,,,56,395.0,Disponible,ESTACIONAMIENTO,12.75,The Place,Stock The Place.xlsx,,,,,,,,,,Disponible,,,,56,ESTACIONAMIENTO,ESTACIONAMIENTO - ESTACIONAMIENTO,EDIFICIO THE PLACE_EDIFICIO THE PLACE_EST-56-_BOD-11-_,-1.0,EDIFICIO THE PLACE,12.75,12.75,12.75,0.0,395.0,
,,,,,,,,,,,,,,,,,,,,,,,,,302,89.0,Disponible,BODEGA,3.09,The Place,Stock The Place.xlsx,,,,,,,,,,Disponible,,,,302,BODEGA,BODEGA - BODEGA,,1.0,EDIFICIO THE PLACE,3.09,3.09,3.09,0.0,89.0,
,,,,,,,,,,,,,,,,,,,,,,,,,301,89.0,Disponible,BODEGA,2.88,The Place,Stock The Place.xlsx,,,,,,,,,,Disponible,,,,301,BODEGA,BODEGA - BODEGA,,1.0,EDIFICIO THE PLACE,2.88,2.88,2.88,0.0,89.0,
,,,,,,,,,,,,,,,,,,,,,,,,,300,89.0,Disponible,BODEGA,2.28,The Place,Stock The Place.xlsx,,,,,,,,,,Disponible,,,,300,BODEGA,BODEGA - BODEGA,,1.0,EDIFICIO THE PLACE,2.28,2.28,2.28,0.0,89.0,
,,,,,,,,,,,,,,,,,,,,,,,,,30,90.0,Disponible,BODEGA,3.47,The Place,Stock The Place.xlsx,,,,,,,,,,Disponible,,,,30,BODEGA,BODEGA - BODEGA,EDIFICIO THE PLACE_EDIFICIO THE PLACE_BOD-30-_EST-74-_,-1.0,EDIFICIO THE PLACE,3.47,3.47,3.47,0.0,90.0,
,,,,,,,,,,,,,,,,,,,,,,,,,34,395.0,Disponible,ESTACIONAMIENTO,12.5,The Place,Stock The Place.xlsx,,,,,,,,,,Disponible,,,,34,ESTACIONAMIENTO,ESTACIONAMIENTO - ESTACIONAMIENTO,,-1.0,EDIFICIO THE PLACE,12.5,12.5,12.5,0.0,395.0,
,,,,,,,,,,,,,,,,,,,,,,,,,23,395.0,Disponible,ESTACIONAMIENTO,12.5,The Place,Stock The Place.xlsx,,,,,,,,,,Disponible,,,,23,ESTACIONAMIENTO,ESTACIONAMIENTO - ESTACIONAMIENTO,,-1.0,EDIFICIO THE PLACE,12.5,12.5,12.5,0.0,395.0,
,,,,,,,,,,,,,,,,,,,,,,,,,3,90.0,Disponible,BODEGA,3.7,The Place,Stock The Place.xlsx,,,,,,,,,,Disponible,,,,3,BODEGA,BODEGA - BODEGA,EDIFICIO THE PLACE_EDIFICIO THE PLACE_EST-45-_BOD-03-_,-1.0,EDIFICIO THE PLACE,3.7,3.7,3.7,0.0,90.0,
,,,,,,,,,,,,,,,,,,,,,,,,,299,89.0,Disponible,BODEGA,1.89,The Place,Stock The Place.xlsx,,,,,,,,,,Disponible,,,,299,BODEGA,BODEGA - BODEGA,,1.0,EDIFICIO THE PLACE,1.89,1.89,1.89,0.0,89.0,
,,,,,,,,,,,,,,,,,,,,,,,,,298,89.0,Disponible,BODEGA,1.86,The Place,Stock The Place.xlsx,,,,,,,,,,Disponible,,,,298,BODEGA,BODEGA - BODEGA,,1.0,EDIFICIO THE PLACE,1.86,1.86,1.86,0.0,89.0,
,,,,,,,,,,,,,,,,,,,,,,,,,297,89.0,Disponible,BODEGA,1.98,The Place,Stock The Place.xlsx,,,,,,,,,,Disponible,,,,297,BODEGA,BODEGA - BODEGA,,1.0,EDIFICIO THE PLACE,1.98,1.98,1.98,0.0,89.0,
,,,,,,,,,,,,,,,,,,,,,,,,,81,395.0,Disponible,ESTACIONAMIENTO,12.5,The Place,Stock The Place.xlsx,,,,,,,,,,Disponible,,,,81,ESTACIONAMIENTO,ESTACIONAMIENTO - ESTACIONAMIENTO,,-1.0,EDIFICIO THE PLACE,12.5,12.5,12.5,0.0,395.0,
,,,,,,,,,,,,,,,,,,,,,,,,,296,89.0,Disponible,BODEGA,1.96,The Place,Stock The Place.xlsx,,,,,,,,,,Disponible,,,,296,BODEGA,BODEGA - BODEGA,,1.0,EDIFICIO THE PLACE,1.96,1.96,1.96,0.0,89.0,
,,,,,,,,,,,,,,,,,,,,,,,,,295,89.0,Disponible,BODEGA,1.93,The Place,Stock The Place.xlsx,,,,,,,,,,Disponible,,,,295,BODEGA,BODEGA - BODEGA,,1.0,EDIFICIO THE PLACE,1.93,1.93,1.93,0.0,89.0,
,,,,,,,,,,,,,,,,,,,,,,,,,87,395.0,Disponible,ESTACIONAMIENTO,12.5,The Place,Stock The Place.xlsx,,,,,,,,,,Disponible,,,,87,ESTACIONAMIENTO,ESTACIONAMIENTO - ESTACIONAMIENTO,,-1.0,EDIFICIO THE PLACE,12.5,12.5,12.5,0.0,395.0,
,,,,,,,,,,,,,,,,,,,,,,,,,294,89.0,Disponible,BODEGA,2.02,The Place,Stock The Place.xlsx,,,,,,,,,,Disponible,,,,294,BODEGA,BODEGA - BODEGA,,1.0,EDIFICIO THE PLACE,2.02,2.02,2.02,0.0,89.0,
,,,,,,,,,,,,,,,,,,,,,,,,,64,395.0,Disponible,ESTACIONAMIENTO,12.5,The Place,Stock The Place.xlsx,,,,,,,,,,Disponible,,,,64,ESTACIONAMIENTO,ESTACIONAMIENTO - ESTACIONAMIENTO,EDIFICIO THE PLACE_EDIFICIO THE PLACE_BOD-18-_EST-64-_,-1.0,EDIFICIO THE PLACE,12.5,12.5,12.5,0.0,395.0,
,,,,,,,,,,,,,,,,,,,,,,,,,291,89.0,Disponible,BODEGA,2.68,The Place,Stock The Place.xlsx,,,,,,,,,,Disponible,,,,291,BODEGA,BODEGA - BODEGA,,-3.0,EDIFICIO THE PLACE,2.68,2.68,2.68,0.0,89.0,
,,,,,,,,,,,,,,,,,,,,,,,,,82,395.0,Disponible,ESTACIONAMIENTO,12.5,The Place,Stock The Place.xlsx,,,,,,,,,,Disponible,,,,82,ESTACIONAMIENTO,ESTACIONAMIENTO - ESTACIONAMIENTO,,-1.0,EDIFICIO THE PLACE,12.5,12.5,12.5,0.0,395.0,
,,,,,,,,,,,,,,,,,,,,,,,,,280,73.0,Disponible,BODEGA,2.18,The Place,Stock The Place.xlsx,,,,,,,,,,Disponible,,,,280,BODEGA,BODEGA - BODEGA,,-3.0,EDIFICIO THE PLACE,2.18,2.18,2.18,0.0,73.0,
,,,,,,,,,,,,,,,,,,,,,,,,,28,90.0,Disponible,BODEGA,3.41,The Place,Stock The Place.xlsx,,,,,,,,,,Disponible,,,,28,BODEGA,BODEGA - BODEGA,EDIFICIO THE PLACE_EDIFICIO THE PLACE_BOD-28-_EST-72-_,-1.0,EDIFICIO THE PLACE,3.41,3.41,3.41,0.0,90.0,
,,,,,,,,,,,,,,,,,,,,,,,,,279,73.0,Disponible,BODEGA,2.18,The Place,Stock The Place.xlsx,,,,,,,,,,Disponible,,,,279,BODEGA,BODEGA - BODEGA,,-3.0,EDIFICIO THE PLACE,2.18,2.18,2.18,0.0,73.0,
,,,,,,,,,,,,,,,,,,,,,,,,,62,395.0,Disponible,ESTACIONAMIENTO,12.5,The Place,Stock The Place.xlsx,,,,,,,,,,Disponible,,,,62,ESTACIONAMIENTO,ESTACIONAMIENTO - ESTACIONAMIENTO,EDIFICIO THE PLACE_EDIFICIO THE PLACE_BOD-16-_EST-62-_,-1.0,EDIFICIO THE PLACE,12.5,12.5,12.5,0.0,395.0,
,,,,,,,,,,,,,,,,,,,,,,,,,75,395.0,Disponible,ESTACIONAMIENTO,12.5,The Place,Stock The Place.xlsx,,,,,,,,,,Disponible,,,,75,ESTACIONAMIENTO,ESTACIONAMIENTO - ESTACIONAMIENTO,EDIFICIO THE PLACE_EDIFICIO THE PLACE_EST-75-_BOD-31-_,-1.0,EDIFICIO THE PLACE,12.5,12.5,12.5,0.0,395.0,
,,,,,,,,,,,,,,,,,,,,,,,,,27,90.0,Disponible,BODEGA,3.39,The Place,Stock The Place.xlsx,,,,,,,,,,Disponible,,,,27,BODEGA,BODEGA - BODEGA,EDIFICIO THE PLACE_EDIFICIO THE PLACE_BOD-27-_EST-71-_,-1.0,EDIFICIO THE PLACE,3.39,3.39,3.39,0.0,90.0,
,,,,,,,,,,,,,,,,,,,,,,,,,269,73.0,Disponible,BODEGA,2.97,The Place,Stock The Place.xlsx,,,,,,,,,,Disponible,,,,269,BODEGA,BODEGA - BODEGA,,-3.0,EDIFICIO THE PLACE,2.97,2.97,2.97,0.0,73.0,
,,,,,,,,,,,,,,,,,,,,,,,,,71,395.0,Disponible,ESTACIONAMIENTO,12.5,The Place,Stock The Place.xlsx,,,,,,,,,,Disponible,,,,71,ESTACIONAMIENTO,ESTACIONAMIENTO - ESTACIONAMIENTO,EDIFICIO THE PLACE_EDIFICIO THE PLACE_BOD-27-_EST-71-_,-1.0,EDIFICIO THE PLACE,12.5,12.5,12.5,0.0,395.0,
,,,,,,,,,,,,,,,,,,,,,,,,,69,395.0,Disponible,ESTACIONAMIENTO,13.5,The Place,Stock The Place.xlsx,,,,,,,,,,Disponible,,,,69,ESTACIONAMIENTO,ESTACIONAMIENTO - ESTACIONAMIENTO,EDIFICIO THE PLACE_EDIFICIO THE PLACE_BOD-23-_EST-69-_,-1.0,EDIFICIO THE PLACE,13.5,13.5,13.5,0.0,395.0,
,,,,,,,,,,,,,,,,,,,,,,,,,266,73.0,Disponible,BODEGA,2.52,The Place,Stock The Place.xlsx,,,,,,,,,,Disponible,,,,266,BODEGA,BODEGA - BODEGA,,-3.0,EDIFICIO THE PLACE,2.52,2.52,2.52,0.0,73.0,
,,,,,,,,,,,,,,,,,,,,,,,,,265,73.0,Disponible,BODEGA,2.26,The Place,Stock The Place.xlsx,,,,,,,,,,Disponible,,,,265,BODEGA,BODEGA - BODEGA,,-3.0,EDIFICIO THE PLACE,2.26,2.26,2.26,0.0,73.0,
,,,,,,,,,,,,,,,,,,,,,,,,,263,73.0,Disponible,BODEGA,2.67,The Place,Stock The Place.xlsx,,,,,,,,,,Disponible,,,,263,BODEGA,BODEGA - BODEGA,,-3.0,EDIFICIO THE PLACE,2.67,2.67,2.67,0.0,73.0,
,,,,,,,,,,,,,,,,,,,,,,,,,26,90.0,Disponible,BODEGA,3.87,The Place,Stock The Place.xlsx,,,,,,,,,,Disponible,,,,26,BODEGA,BODEGA - BODEGA,EDIFICIO THE PLACE_EDIFICIO THE PLACE_BOD-26-_EST-70-_,-1.0,EDIFICIO THE PLACE,3.87,3.87,3.87,0.0,90.0,
,,,,,,,,,,,,,,,,,,,,,,,,,239,73.0,Disponible,BODEGA,3.56,The Place,Stock The Place.xlsx,,,,,,,,,,Disponible,,,,239,BODEGA,BODEGA - BODEGA,EDIFICIO THE PLACE_EDIFICIO THE PLACE_EST-313-_BOD-239-_,-3.0,EDIFICIO THE PLACE,3.56,3.56,3.56,0.0,73.0,
,,,,,,,,,,,,,,,,,,,,,,,,,70,395.0,Disponible,ESTACIONAMIENTO,13.9,The Place,Stock The Place.xlsx,,,,,,,,,,Disponible,,,,70,ESTACIONAMIENTO,ESTACIONAMIENTO - ESTACIONAMIENTO,EDIFICIO THE PLACE_EDIFICIO THE PLACE_BOD-26-_EST-70-_,-1.0,EDIFICIO THE PLACE,13.9,13.9,13.9,0.0,395.0,
,,,,,,,,,,,,,,,,,,,,,,,,,23,90.0,Disponible,BODEGA,3.44,The Place,Stock The Place.xlsx,,,,,,,,,,Disponible,,,,23,BODEGA,BODEGA - BODEGA,EDIFICIO THE PLACE_EDIFICIO THE PLACE_BOD-23-_EST-69-_,-1.0,EDIFICIO THE PLACE,3.44,3.44,3.44,0.0,90.0,
,,,,,,,,,,,,,,,,,,,,,,,,,22,90.0,Disponible,BODEGA,3.85,The Place,Stock The Place.xlsx,,,,,,,,,,Disponible,,,,22,BODEGA,BODEGA - BODEGA,EDIFICIO THE PLACE_EDIFICIO THE PLACE_BOD-22-_EST-68-_,-1.0,EDIFICIO THE PLACE,3.85,3.85,3.85,0.0,90.0,
,,,,,,,,,,,,,,,,,,,,,,,,,68,395.0,Disponible,ESTACIONAMIENTO,13.8,The Place,Stock The Place.xlsx,,,,,,,,,,Disponible,,,,68,ESTACIONAMIENTO,ESTACIONAMIENTO - ESTACIONAMIENTO,EDIFICIO THE PLACE_EDIFICIO THE PLACE_BOD-22-_EST-68-_,-1.0,EDIFICIO THE PLACE,13.8,13.8,13.8,0.0,395.0,
,,,,,,,,,,,,,,,,,,,,,,,,,216,179.0,Disponible,BODEGA,2.59,The Place,Stock The Place.xlsx,,,,,,,,,,Disponible,,,,216,BODEGA,BODEGA - BODEGA,,-3.0,EDIFICIO THE PLACE,2.59,2.59,2.59,0.0,179.0,
,,,,,,,,,,,,,,,,,,,,,,,,,47,395.0,Disponible,ESTACIONAMIENTO,12.5,The Place,Stock The Place.xlsx,,,,,,,,,,Disponible,,,,47,ESTACIONAMIENTO,ESTACIONAMIENTO - ESTACIONAMIENTO,EDIFICIO THE PLACE_EDIFICIO THE PLACE_EST-47-_BOD-05-_,-1.0,EDIFICIO THE PLACE,12.5,12.5,12.5,0.0,395.0,
,,,,,,,,,,,,,,,,,,,,,,,,,21,90.0,Disponible,BODEGA,4.23,The Place,Stock The Place.xlsx,,,,,,,,,,Disponible,,,,21,BODEGA,BODEGA - BODEGA,EDIFICIO THE PLACE_EDIFICIO THE PLACE_BOD-21-_EST-67-_,-1.0,EDIFICIO THE PLACE,4.23,4.23,4.23,0.0,90.0,
,,,,,,,,,,,,,,,,,,,,,,,,,91,395.0,Disponible,ESTACIONAMIENTO,13.0,The Place,Stock The Place.xlsx,,,,,,,,,,Disponible,,,,91,ESTACIONAMIENTO,ESTACIONAMIENTO - ESTACIONAMIENTO,,-1.0,EDIFICIO THE PLACE,13.0,13.0,13.0,0.0,395.0,
,,,,,,,,,,,,,,,,,,,,,,,,,1305A,5447.58605664488,Disponible,DEPARTAMENTO,49.83,The Place,Stock The Place.xlsx,,,,,NORTE,,,,,Disponible,,,,1305A,DEPARTAMENTO,2D + 2B MAR,,13.0,EDIFICIO THE PLACE,49.83,60.55,49.83,10.72,5447.58605664488,
,,,,,,,,,,,,,,,,,,,,,,,,,80,395.0,Disponible,ESTACIONAMIENTO,12.5,The Place,Stock The Place.xlsx,,,,,,,,,,Disponible,,,,80,ESTACIONAMIENTO,ESTACIONAMIENTO - ESTACIONAMIENTO,,-1.0,EDIFICIO THE PLACE,12.5,12.5,12.5,0.0,395.0,
,,,,,,,,,,,,,,,,,,,,,,,,,79,395.0,Disponible,ESTACIONAMIENTO,12.5,The Place,Stock The Place.xlsx,,,,,,,,,,Disponible,,,,79,ESTACIONAMIENTO,ESTACIONAMIENTO - ESTACIONAMIENTO,,-1.0,EDIFICIO THE PLACE,12.5,12.5,12.5,0.0,395.0,
,,,,,,,,,,,,,,,,,,,,,,,,,50,395.0,Disponible,ESTACIONAMIENTO,12.8,The Place,Stock The Place.xlsx,,,,,,,,,,Disponible,,,,50,ESTACIONAMIENTO,ESTACIONAMIENTO - ESTACIONAMIENTO,,-1.0,EDIFICIO THE PLACE,12.8,12.8,12.8,0.0,395.0,
,,,,,,,,,,,,,,,,,,,,,,,,,328,395.0,Disponible,ESTACIONAMIENTO,12.5,The Place,Stock The Place.xlsx,,,,,,,,,,Disponible,,,,328,ESTACIONAMIENTO,ESTACIONAMIENTO - ESTACIONAMIENTO,,-1.0,EDIFICIO THE PLACE,12.5,12.5,12.5,0.0,395.0,
,,,,,,,,,,,,,,,,,,,,,,,,,20,90.0,Disponible,BODEGA,4.07,The Place,Stock The Place.xlsx,,,,,,,,,,Disponible,,,,20,BODEGA,BODEGA - BODEGA,EDIFICIO THE PLACE_EDIFICIO THE PLACE_EST-66-_BOD-20-_,-1.0,EDIFICIO THE PLACE,4.07,4.07,4.07,0.0,90.0,
,,,,,,,,,,,,,,,,,,,,,,,,,2,90.0,Disponible,BODEGA,3.62,The Place,Stock The Place.xlsx,,,,,,,,,,Disponible,,,,2,BODEGA,BODEGA - BODEGA,EDIFICIO THE PLACE_EDIFICIO THE PLACE_BOD-02-_EST-44-_,-1.0,EDIFICIO THE PLACE,3.62,3.62,3.62,0.0,90.0,
,,,,,,,,,,,,,,,,,,,,,,,,,18,90.0,Disponible,BODEGA,3.84,The Place,Stock The Place.xlsx,,,,,,,,,,Disponible,,,,18,BODEGA,BODEGA - BODEGA,EDIFICIO THE PLACE_EDIFICIO THE PLACE_BOD-18-_EST-64-_,-1.0,EDIFICIO THE PLACE,3.84,3.84,3.84,0.0,90.0,
,,,,,,,,,,,,,,,,,,,,,,,,,174,73.0,Disponible,BODEGA,2.99,The Place,Stock The Place.xlsx,,,,,,,,,,Disponible,,,,174,BODEGA,BODEGA - BODEGA,EDIFICIO THE PLACE_EDIFICIO THE PLACE_BOD-174-_EST-209-_,-3.0,EDIFICIO THE PLACE,2.99,2.99,2.99,0.0,73.0,
,,,,,,,,,,,,,,,,,,,,,,,,,173,73.0,Disponible,BODEGA,2.71,The Place,Stock The Place.xlsx,,,,,,,,,,Disponible,,,,173,BODEGA,BODEGA - BODEGA,EDIFICIO THE PLACE_EDIFICIO THE PLACE_BOD-173-_EST-210-_,-2.0,EDIFICIO THE PLACE,2.71,2.71,2.71,0.0,73.0,
,,,,,,,,,,,,,,,,,,,,,,,,,170,84.0,Disponible,BODEGA,3.03,The Place,Stock The Place.xlsx,,,,,,,,,,Disponible,,,,170,BODEGA,BODEGA - BODEGA,,-2.0,EDIFICIO THE PLACE,3.03,3.03,3.03,0.0,84.0,
,,,,,,,,,,,,,,,,,,,,,,,,,167,84.0,Disponible,BODEGA,3.29,The Place,Stock The Place.xlsx,,,,,,,,,,Disponible,,,,167,BODEGA,BODEGA - BODEGA,,-2.0,EDIFICIO THE PLACE,3.29,3.29,3.29,0.0,84.0,
,,,,,,,,,,,,,,,,,,,,,,,,,166,84.0,Disponible,BODEGA,3.07,The Place,Stock The Place.xlsx,,,,,,,,,,Disponible,,,,166,BODEGA,BODEGA - BODEGA,,-2.0,EDIFICIO THE PLACE,3.07,3.07,3.07,0.0,84.0,
,,,,,,,,,,,,,,,,,,,,,,,,,165,84.0,Disponible,BODEGA,3.18,The Place,Stock The Place.xlsx,,,,,,,,,,Disponible,,,,165,BODEGA,BODEGA - BODEGA,,-2.0,EDIFICIO THE PLACE,3.18,3.18,3.18,0.0,84.0,
,,,,,,,,,,,,,,,,,,,,,,,,,16,90.0,Disponible,BODEGA,3.59,The Place,Stock The Place.xlsx,,,,,,,,,,Disponible,,,,16,BODEGA,BODEGA - BODEGA,EDIFICIO THE PLACE_EDIFICIO THE PLACE_BOD-16-_EST-62-_,-1.0,EDIFICIO THE PLACE,3.59,3.59,3.59,0.0,90.0,
,,,,,,,,,,,,,,,,,,,,,,,,,157,84.0,Disponible,BODEGA,3.11,The Place,Stock The Place.xlsx,,,,,,,,,,Disponible,,,,157,BODEGA,BODEGA - BODEGA,,-2.0,EDIFICIO THE PLACE,3.11,3.11,3.11,0.0,84.0,
,,,,,,,,,,,,,,,,,,,,,,,,,156,84.0,Disponible,BODEGA,3.09,The Place,Stock The Place.xlsx,,,,,,,,,,Disponible,,,,156,BODEGA,BODEGA - BODEGA,,-2.0,EDIFICIO THE PLACE,3.09,3.09,3.09,0.0,84.0,
,,,,,,,,,,,,,,,,,,,,,,,,,152,84.0,Disponible,BODEGA,3.11,The Place,Stock The Place.xlsx,,,,,,,,,,Disponible,,,,152,BODEGA,BODEGA - BODEGA,,-2.0,EDIFICIO THE PLACE,3.11,3.11,3.11,0.0,84.0,
,,,,,,,,,,,,,,,,,,,,,,,,,142,84.0,Disponible,BODEGA,2.64,The Place,Stock The Place.xlsx,,,,,,,,,,Disponible,,,,142,BODEGA,BODEGA - BODEGA,,-2.0,EDIFICIO THE PLACE,2.64,2.64,2.64,0.0,84.0,
,,,,,,,,,,,,,,,,,,,,,,,,,141,84.0,Disponible,BODEGA,2.48,The Place,Stock The Place.xlsx,,,,,,,,,,Disponible,,,,141,BODEGA,BODEGA - BODEGA,,-2.0,EDIFICIO THE PLACE,2.48,2.48,2.48,0.0,84.0,
,,,,,,,,,,,,,,,,,,,,,,,,,140,84.0,Disponible,BODEGA,2.79,The Place,Stock The Place.xlsx,,,,,,,,,,Disponible,,,,140,BODEGA,BODEGA - BODEGA,,-2.0,EDIFICIO THE PLACE,2.79,2.79,2.79,0.0,84.0,
,,,,,,,,,,,,,,,,,,,,,,,,,135,84.0,Disponible,BODEGA,2.68,The Place,Stock The Place.xlsx,,,,,,,,,,Disponible,,,,135,BODEGA,BODEGA - BODEGA,,-2.0,EDIFICIO THE PLACE,2.68,2.68,2.68,0.0,84.0,
,,,,,,,,,,,,,,,,,,,,,,,,,125,84.0,Disponible,BODEGA,2.07,The Place,Stock The Place.xlsx,,,,,,,,,,Disponible,,,,125,BODEGA,BODEGA - BODEGA,,-2.0,EDIFICIO THE PLACE,2.07,2.07,2.07,0.0,84.0,
,,,,,,,,,,,,,,,,,,,,,,,,,124,84.0,Disponible,BODEGA,2.01,The Place,Stock The Place.xlsx,,,,,,,,,,Disponible,,,,124,BODEGA,BODEGA - BODEGA,,-2.0,EDIFICIO THE PLACE,2.01,2.01,2.01,0.0,84.0,
,,,,,,,,,,,,,,,,,,,,,,,,,121,84.0,Disponible,BODEGA,2.33,The Place,Stock The Place.xlsx,,,,,,,,,,Disponible,,,,121,BODEGA,BODEGA - BODEGA,EDIFICIO THE PLACE_EDIFICIO THE PLACE_EST-203-_BOD-121-_,-2.0,EDIFICIO THE PLACE,2.33,2.33,2.33,0.0,84.0,
,,,,,,,,,,,,,,,,,,,,,,,,,12,90.0,Disponible,BODEGA,4.12,The Place,Stock The Place.xlsx,,,,,,,,,,Disponible,,,,12,BODEGA,BODEGA - BODEGA,EDIFICIO THE PLACE_EDIFICIO THE PLACE_BOD-12-_EST-57-_,-1.0,EDIFICIO THE PLACE,4.12,4.12,4.12,0.0,90.0,
,,,,,,,,,,,,,,,,,,,,,,,,,117,84.0,Disponible,BODEGA,3.04,The Place,Stock The Place.xlsx,,,,,,,,,,Disponible,,,,117,BODEGA,BODEGA - BODEGA,,-2.0,EDIFICIO THE PLACE,3.04,3.04,3.04,0.0,84.0,
,,,,,,,,,,,,,,,,,,,,,,,,,114,84.0,Disponible,BODEGA,1.7,The Place,Stock The Place.xlsx,,,,,,,,,,Disponible,,,,114,BODEGA,BODEGA - BODEGA,,-2.0,EDIFICIO THE PLACE,1.7,1.7,1.7,0.0,84.0,
,,,,,,,,,,,,,,,,,,,,,,,,,113,84.0,Disponible,BODEGA,1.7,The Place,Stock The Place.xlsx,,,,,,,,,,Disponible,,,,113,BODEGA,BODEGA - BODEGA,,-2.0,EDIFICIO THE PLACE,1.7,1.7,1.7,0.0,84.0,
,,,,,,,,,,,,,,,,,,,,,,,,,112,84.0,Disponible,BODEGA,1.7,The Place,Stock The Place.xlsx,,,,,,,,,,Disponible,,,,112,BODEGA,BODEGA - BODEGA,,-2.0,EDIFICIO THE PLACE,1.7,1.7,1.7,0.0,84.0,
,,,,,,,,,,,,,,,,,,,,,,,,,111,84.0,Disponible,BODEGA,1.7,The Place,Stock The Place.xlsx,,,,,,,,,,Disponible,,,,111,BODEGA,BODEGA - BODEGA,,-2.0,EDIFICIO THE PLACE,1.7,1.7,1.7,0.0,84.0,
,,,,,,,,,,,,,,,,,,,,,,,,,110,84.0,Disponible,BODEGA,1.66,The Place,Stock The Place.xlsx,,,,,,,,,,Disponible,,,,110,BODEGA,BODEGA - BODEGA,,-2.0,EDIFICIO THE PLACE,1.66,1.66,1.66,0.0,84.0,
,,,,,,,,,,,,,,,,,,,,,,,,,11,90.0,Disponible,BODEGA,3.59,The Place,Stock The Place.xlsx,,,,,,,,,,Disponible,,,,11,BODEGA,BODEGA - BODEGA,EDIFICIO THE PLACE_EDIFICIO THE PLACE_EST-56-_BOD-11-_,-1.0,EDIFICIO THE PLACE,3.59,3.59,3.59,0.0,90.0,
,,,,,,,,,,,,,,,,,,,,,,,,,109,84.0,Disponible,BODEGA,1.52,The Place,Stock The Place.xlsx,,,,,,,,,,Disponible,,,,109,BODEGA,BODEGA - BODEGA,,-2.0,EDIFICIO THE PLACE,1.52,1.52,1.52,0.0,84.0,
,,,,,,,,,,,,,,,,,,,,,,,,,329,395.0,Disponible,ESTACIONAMIENTO,12.5,The Place,Stock The Place.xlsx,,,,,,,,,,Disponible,,,,329,ESTACIONAMIENTO,ESTACIONAMIENTO - ESTACIONAMIENTO,,-1.0,EDIFICIO THE PLACE,12.5,12.5,12.5,0.0,395.0,
,,,,,,,,,,,,,,,,,,,,,,,,,330,395.0,Disponible,ESTACIONAMIENTO,12.5,The Place,Stock The Place.xlsx,,,,,,,,,,Disponible,,,,330,ESTACIONAMIENTO,ESTACIONAMIENTO - ESTACIONAMIENTO,,-1.0,EDIFICIO THE PLACE,12.5,12.5,12.5,0.0,395.0,
,,,,,,,,,,,,,,,,,,,,,,,,,331,395.0,Disponible,ESTACIONAMIENTO,12.5,The Place,Stock The Place.xlsx,,,,,,,,,,Disponible,,,,331,ESTACIONAMIENTO,ESTACIONAMIENTO - ESTACIONAMIENTO,,-1.0,EDIFICIO THE PLACE,12.5,12.5,12.5,0.0,395.0,
,,,,,,,,,,,,,,,,,,,,,,,,,332,395.0,Disponible,ESTACIONAMIENTO,12.5,The Place,Stock The Place.xlsx,,,,,,,,,,Disponible,,,,332,ESTACIONAMIENTO,ESTACIONAMIENTO - ESTACIONAMIENTO,,-1.0,EDIFICIO THE PLACE,12.5,12.5,12.5,0.0,395.0,
,,,,,,,,,,,,,,,,,,,,,,,,,94,432.0,Disponible,ESTACIONAMIENTO,13.55,The Place,Stock The Place.xlsx,,,,,,,,,,Disponible,,,,94,ESTACIONAMIENTO,ESTACIONAMIENTO - ESTACIONAMIENTO,EDIFICIO THE PLACE_EDIFICIO THE PLACE_BOD-47-_EST-94-_,-1.0,EDIFICIO THE PLACE,13.55,13.55,13.55,0.0,432.0,
,,,,,,,,,,,,,,,,,,,,,,,,,100,84.0,Disponible,BODEGA,4.03,The Place,Stock The Place.xlsx,,,,,,,,,,Disponible,,,,100,BODEGA,BODEGA - BODEGA,EDIFICIO THE PLACE_EDIFICIO THE PLACE_BOD-100-_EST-191-_,-2.0,EDIFICIO THE PLACE,4.03,4.03,4.03,0.0,84.0,
